ps,SIFI_A_Acc,SIFI_V_Acc,SIFI_B_A_Acc,SIFI_B_V_Acc,SIFI_B_Acc,pitchSummaryAcc,ravenSummaryAcc,RhythmVAcc,RhythmAAcc,SRTA_median,SRTV_median,SRTB_median,SRTA_mean,SRTV_mean,SRTB_mean,SpeechAAcc,SpeechAVAcc,Noise,localizationDistV,localizationDistA,minRT,meanRT,medianRT,Corsi,lns_length,lns_hit,lns_miss,lns_hitRate,d2_hit,d2_miss,d2_FA,d2_CR,d2_hitRate,d2_faRate,d2_adjHitR,WordMemoryAcc
1,0.8333333333333334,0.6458333333333334,0.6388888888888888,0.4444444444444444,0.35555555555555557,0.6686746987951807,0.5714285714285714,0.375,0.65625,0.5847033054960775,0.251890371000627,0.2483140780095709,0.6401900597324129,0.2777787814125547,0.2911751908356867,0.0,0.3,6.0,,,51.716499999999996,59.0385600000143,59.3918000000715,7.0,6.0,7.0,3.0,0.7,146.0,2.0,6.0,142.0,0.9864864864864865,0.04054054054054054,0.9459459459459459,0.15
2,0.8958333333333334,0.6458333333333334,0.7222222222222222,0.4722222222222222,0.4166666666666667,0.5301204819277109,0.5,0.625,0.46875,0.3361666599521413,0.934081023966428,0.3489210754923988,0.376492959421112,13.681146571763936,0.3775950469018426,0.0,0.2,6.0,,,41.641999999999825,51.3753999999999,47.14400000000023,8.0,5.0,5.0,3.0,0.625,130.0,11.0,3.0,136.0,0.9219858156028369,0.02158273381294964,0.9004030817898873,0.3
3,1.0,0.7916666666666666,0.8333333333333334,0.4444444444444444,0.4888888888888889,0.7228915662650602,0.8571428571428571,0.59375,0.5625,0.2025604365044273,0.2524517489946447,0.202901731012389,0.21094015396665775,0.2657491200312506,0.20888354586786587,0.0,0.5,6.0,,,23.026599999982864,40.03689999999479,33.91319999995176,7.0,4.0,2.0,4.0,0.3333333333333333,131.0,25.0,3.0,153.0,0.8397435897435898,0.019230769230769232,0.8205128205128205,0.5
4,0.9583333333333334,0.8333333333333334,0.9722222222222222,0.75,0.6833333333333333,0.891566265060241,0.7857142857142857,0.8125,0.71875,0.24821845099359052,0.35864243499963777,0.22558549849054535,0.2594116463966202,1.2182766317288043,0.24643534746282963,0.0,0.2,6.0,,,15.543600000008922,17.602380000004175,16.011400000005978,9.0,5.0,6.0,2.0,0.75,166.0,10.0,2.0,174.0,0.9431818181818182,0.011363636363636364,0.9318181818181819,0.5
5,0.9166666666666666,0.8541666666666666,0.8333333333333334,0.75,0.5666666666666667,,,,,,,,,,,,,,,,,,,,,,,,,,,,,,,
6,0.9583333333333334,0.75,0.9444444444444444,0.6666666666666666,0.6444444444444445,0.7831325301204819,0.5714285714285714,0.71875,0.59375,0.2132865979947382,0.2649590600049123,0.22011803349596443,0.21838866813050112,0.2663654673449165,0.2264561894669896,0.3,0.4,6.0,,,26.4467000000177,32.568099999999866,32.50069999998777,5.0,5.0,5.0,3.0,0.625,169.0,6.0,3.0,174.0,0.9657142857142857,0.01694915254237288,0.9487651331719129,0.15
7,0.9166666666666666,0.8541666666666666,0.7777777777777778,0.7222222222222222,0.5555555555555556,0.6385542168674698,0.5,0.46875,0.4375,0.6134399175061844,0.3811948460061103,0.6978020729875425,0.6863584703338953,0.38853492156680053,0.7492044946634754,0.0,0.2,6.0,,,27.197100000023852,34.871900000000004,30.49509999999404,7.0,6.0,8.0,2.0,0.8,175.0,5.0,0.0,180.0,0.9722222222222222,0.0,0.9722222222222222,0.35
8,0.9166666666666666,0.5833333333333334,0.8333333333333334,0.5,0.49444444444444446,0.7530120481927711,0.6428571428571429,0.71875,0.59375,0.2753197324927896,0.2779218005016446,0.19088792349793943,0.2783282401690182,0.7315001422871968,0.20686673570113875,0.1,0.5,6.0,,,25.229900000005955,32.49695999999642,27.32159999999405,7.0,8.0,11.0,3.0,0.7857142857142857,166.0,3.0,0.0,167.0,0.9822485207100592,0.0,0.9822485207100592,0.3
9,1.0,0.9375,1.0,0.6944444444444444,0.6166666666666667,0.6626506024096386,0.21428571428571427,0.71875,0.53125,0.22384116348985117,0.31924509900272824,0.2143369350087596,0.24270560928354304,0.35270704459787033,0.2268001158314291,0.0,0.7,6.0,,,15.826400000005947,25.14687999999523,22.15290000000597,8.0,7.0,9.0,3.0,0.75,150.0,7.0,2.0,153.0,0.9554140127388535,0.012903225806451613,0.9425107869324019,0.2
10,1.0,0.8958333333333334,1.0,0.8611111111111112,0.8222222222222222,0.7951807228915663,1.0,0.9375,0.6875,,,0.272475370002212,,,0.2918788932408366,,,,,,,,,7.0,9.0,13.0,3.0,0.8125,128.0,15.0,0.0,137.0,0.8951048951048951,0.0,0.8951048951048951,
11,0.9583333333333334,0.7083333333333334,0.9444444444444444,0.6388888888888888,0.55,0.7469879518072289,0.7857142857142857,0.53125,0.53125,0.2033894900232553,0.2739586214884184,0.2256732165114954,0.22256749482717011,0.9085057542698147,0.22157282496530872,,,,,,20.17090000000462,26.727900000006777,26.450099999994563,7.0,8.0,10.0,4.0,0.7142857142857143,159.0,5.0,9.0,155.0,0.9695121951219512,0.054878048780487805,0.9146341463414633,0.25
12,0.7916666666666666,0.7916666666666666,0.9166666666666666,0.75,0.6444444444444445,0.6746987951807228,0.21428571428571427,0.6875,0.84375,0.5749380110064521,0.542958774487488,0.5438615394959925,0.584436943383229,7.017678711101568,0.5895397291324722,0.0,0.4,6.0,,,28.891400000005945,36.43697999999522,37.34689999997616,7.0,6.0,6.0,4.0,0.6,137.0,6.0,7.0,138.0,0.958041958041958,0.04827586206896552,0.9097660959729925,0.2
13,0.9791666666666666,0.9166666666666666,0.9444444444444444,0.6666666666666666,0.6055555555555555,0.8313253012048193,0.8571428571428571,0.71875,0.5,0.20049278999795206,0.2636360409960616,0.17926245498529164,3.0752926625010635,0.26996762510429234,0.1936322395990525,,,,,,,,,8.0,7.0,10.0,2.0,0.8333333333333334,135.0,2.0,1.0,134.0,0.9854014598540146,0.007407407407407408,0.9779940524466072,0.35
14,0.9791666666666666,0.75,0.9444444444444444,0.5555555555555556,0.5222222222222223,0.7289156626506024,0.35714285714285715,0.5,0.5,0.2614458110183477,0.4182835459796479,0.28457493199675804,0.26532395368799205,2.481329690530159,0.3371462773686896,0.1,0.2,6.0,,,18.061599999993632,23.199340000004305,23.77930000001288,7.0,6.0,8.0,2.0,0.8,163.0,4.0,3.0,166.0,0.9760479041916168,0.01775147928994083,0.958296424901676,0.4
15,0.9791666666666666,0.875,0.8888888888888888,0.5,0.48333333333333334,0.7951807228915663,0.35714285714285715,0.625,0.65625,0.26428894700075034,0.3560993634891929,0.2933162480039755,0.3166228244352775,1.9999383576000886,0.5616828016665143,0.0,0.3,6.0,,,22.433099999994738,25.96077999999543,24.534800000012183,7.0,7.0,8.0,4.0,0.6666666666666666,140.0,9.0,3.0,144.0,0.9395973154362416,0.02040816326530612,0.9191891521709354,0.25
16,0.9583333333333334,0.875,0.8888888888888888,0.8333333333333334,0.6444444444444445,0.6626506024096386,1.0,0.59375,0.59375,0.2347438474826049,0.2749975109472871,0.23891568052931683,0.24477152259205467,0.2855422300616434,0.6447065901379876,0.0,0.4,6.0,,,23.934300000011916,31.463819999998805,33.77589999997615,7.0,7.0,10.0,2.0,0.8333333333333334,178.0,9.0,0.0,189.0,0.9518716577540107,0.0,0.9518716577540107,0.65
17,0.9791666666666666,0.8958333333333334,0.9444444444444444,0.8333333333333334,0.7222222222222222,0.7289156626506024,0.7142857142857143,0.78125,0.8125,0.24706720348331146,0.2641007939819246,0.21971810149261725,0.25239869326663505,0.27528867707186344,0.2324681323700739,0.0,0.0,6.0,,,21.526800000011917,27.13543999999761,24.688899999976158,7.0,8.0,12.0,2.0,0.8571428571428571,162.0,2.0,0.0,164.0,0.9878048780487805,0.0,0.9878048780487805,0.7
18,1.0,0.9166666666666666,1.0,0.75,0.6944444444444444,0.8192771084337349,0.8571428571428571,0.75,0.78125,0.19980182897415935,0.24726787596591746,0.17842631594976405,0.2061059967711723,0.2532014182652347,0.18684494762565007,0.1,0.2,6.0,,,25.369900000035756,32.553680000007155,32.01989999997616,7.0,7.0,10.0,2.0,0.8333333333333334,141.0,7.0,0.0,148.0,0.9527027027027027,0.0,0.9527027027027027,0.45
19,0.8958333333333334,0.8125,0.9444444444444444,0.5555555555555556,0.55,,,0.6875,0.6875,0.23458804900292304,0.2928539149579592,0.2182770289946347,0.23744974379660558,1.014331505099986,0.2296417534154647,0.2,0.4,6.0,,,20.506700000048113,27.901660000014452,24.001400000036483,7.0,7.0,8.0,4.0,0.6666666666666666,166.0,8.0,2.0,168.0,0.9540229885057471,0.011764705882352941,0.9422582826233942,0.45
20,1.0,0.7916666666666666,0.9444444444444444,0.7222222222222222,0.5888888888888889,0.6987951807228916,0.5,0.625,0.5625,0.22785194398602465,0.2812859754776582,0.25973469798918813,0.23106921059467517,1.1972203081687136,0.28684972556851185,0.1,0.4,6.0,,,26.637000000000626,41.353760000014155,30.960600000023987,7.0,6.0,8.0,2.0,0.8,162.0,6.0,2.0,166.0,0.9642857142857143,0.011904761904761904,0.9523809523809524,0.25
21,,,,,,,,,,,,,,,,0.1,0.5,6.0,,,17.204899999976988,22.663760000014555,23.605199999988145,6.0,6.0,8.0,2.0,0.8,148.0,3.0,5.0,148.0,0.9801324503311258,0.032679738562091505,0.9474527117690343,
22,1.0,0.8125,0.8888888888888888,0.6944444444444444,0.6388888888888888,0.6746987951807228,0.8571428571428571,0.6875,0.5625,0.22044379397993907,0.3006394429830834,0.1967265040148049,0.22286771949729883,1.1497189131733994,0.19972978110208395,0.1,0.2,6.0,,,19.013699999988063,26.276120000004767,23.05219999998809,7.0,12.0,18.0,4.0,0.8181818181818182,158.0,5.0,3.0,162.0,0.9693251533742331,0.01818181818181818,0.9511433351924149,0.0
23,0.9583333333333334,0.875,0.8055555555555556,0.8055555555555556,0.6055555555555555,0.7168674698795181,0.5714285714285714,0.625,0.625,0.2534767650067806,0.2491473520058207,0.2068614459712989,0.259239332699993,0.2746505406926033,0.2594212759305567,0.3,0.4,6.0,,,23.602499999999992,29.66039999998808,26.588699999988066,8.0,7.0,9.0,3.0,0.75,152.0,8.0,3.0,157.0,0.95,0.01875,0.9312499999999999,0.0
24,0.9583333333333334,0.875,0.8888888888888888,0.7222222222222222,0.5833333333333334,0.7168674698795181,0.2857142857142857,0.53125,0.59375,0.237680469523184,0.2624710369855165,0.2751210995193105,0.24333147809763128,3.286100450588053,0.3188004569654973,0.0,0.1,6.0,161.37499996714277,465.3214285371428,27.24540000003617,38.49299999998821,31.985699999988356,6.0,5.0,6.0,2.0,0.75,113.0,21.0,11.0,127.0,0.8432835820895522,0.07971014492753623,0.763573437162016,0.15
25,0.9583333333333334,0.9166666666666666,0.8888888888888888,0.75,0.7,0.7349397590361446,0.7142857142857143,0.75,0.5,0.2590926589909941,0.2563573200022802,0.22323234152281657,0.2679001873756502,0.2609891147585585,0.23699776806364145,0.2,0.1,6.0,18.374999750000033,49.625000128571514,23.348199999989447,29.73915999999117,28.683899999976347,6.0,8.0,10.0,4.0,0.7142857142857143,172.0,2.0,0.0,170.0,0.9885057471264368,0.0,0.9885057471264368,0.0
26,1.0,0.9375,0.8888888888888888,0.6944444444444444,0.5666666666666667,0.7590361445783133,0.5,0.59375,0.71875,0.2776375980465673,0.3560779350227676,0.28254143550293515,0.38089147721144273,0.6514536017624276,0.3053689993006022,0.0,0.2,6.0,,,26.006300000011834,35.98888000000697,30.733000000000175,8.0,6.0,6.0,4.0,0.6,138.0,4.0,1.0,145.0,0.971830985915493,0.00684931506849315,0.9649816708469998,0.05
27,1.0,0.8333333333333334,0.8333333333333334,0.5,0.46111111111111114,0.8072289156626506,0.5714285714285714,0.53125,0.625,0.19219253849587398,0.2632658545044251,0.1700747960130684,0.20321900850782787,0.2715459032682702,0.17517145754817615,,,,,,17.282500000001164,20.716199999999663,20.215300000010757,7.0,8.0,10.0,4.0,0.7142857142857143,174.0,2.0,3.0,173.0,0.9886363636363636,0.017045454545454544,0.9715909090909091,0.75
28,0.8541666666666666,0.8125,0.8333333333333334,0.6388888888888888,0.5833333333333334,0.7710843373493976,0.35714285714285715,0.84375,0.625,0.27278595999814564,0.29235744848847384,0.27441450601327233,0.27143922054092395,4.356926013800936,0.29196044739607413,,,,,,26.389300000011644,31.99488000000747,27.876500000000306,7.0,5.0,6.0,2.0,0.75,137.0,7.0,5.0,139.0,0.9513888888888888,0.034722222222222224,0.9166666666666666,0.4
29,0.9375,0.8333333333333334,0.8611111111111112,0.5555555555555556,0.48333333333333334,0.7289156626506024,0.42857142857142855,0.5,0.71875,0.2576757064962294,0.29373739002039656,0.2598511750111356,0.2545744961108236,0.2957919110621636,0.25242918880345916,0.0,0.2,6.0,28.89285710999994,74.58928577714268,25.63489999997616,29.03858000000715,27.266700000047678,6.0,8.0,10.0,4.0,0.7142857142857143,124.0,28.0,6.0,146.0,0.8157894736842105,0.039473684210526314,0.7763157894736842,0.0
30,0.6041666666666666,0.8333333333333334,0.6388888888888888,0.7222222222222222,0.43333333333333335,0.608433734939759,0.5714285714285714,0.5625,0.3125,0.2380920510040596,0.3978734349948354,0.2668400119582657,4.758546321146207,6.635350302002264,4.12379405409641,0.0,0.3,6.0,13.571428321428483,91.17857131714304,32.37969999998809,38.44181999999286,32.96559999996424,5.0,7.0,10.0,2.0,0.8333333333333334,128.0,8.0,1.0,135.0,0.9411764705882353,0.007352941176470588,0.9338235294117647,0.3
31,,,,,,,,,,,,,,,,,,,,,,,,,,,,,,,,,,,,
32,0.9166666666666666,0.8541666666666666,0.4722222222222222,0.6111111111111112,0.4222222222222222,0.5986394557823129,,0.4375,0.5,0.3027686779969372,0.2769573770347051,0.3254553404985927,1.8510149532009783,0.2940547566917115,0.3741653285319141,,,,,,26.06780000001193,33.2124,32.70769999998808,8.0,7.0,8.0,4.0,0.6666666666666666,165.0,11.0,10.0,166.0,0.9375,0.056818181818181816,0.8806818181818182,0.1
33,0.9583333333333334,0.7708333333333334,0.6666666666666666,0.75,0.46111111111111114,0.6265060240963856,0.7142857142857143,0.46875,0.71875,0.4380907679442316,0.32666337650152855,0.2982589299790561,0.7590510576907225,0.9277491640698697,0.6180714783720384,0.0,0.2,6.0,,,18.774599999964238,24.291019999992844,24.83969999998807,6.0,6.0,6.0,4.0,0.6,155.0,5.0,2.0,158.0,0.96875,0.0125,0.95625,0.4
34,0.9791666666666666,0.875,0.9444444444444444,0.8055555555555556,0.6555555555555556,0.8132530120481928,0.9285714285714286,0.78125,0.71875,0.26236978548695333,0.30694022399256937,0.2772627594822552,0.2789532940989981,0.33044412030333964,0.32625264453041986,,,,,,19.469399999976304,25.022059999978957,22.922599999961676,7.0,9.0,14.0,2.0,0.875,151.0,5.0,0.0,156.0,0.967948717948718,0.0,0.967948717948718,0.4
35,0.9583333333333334,0.8333333333333334,0.9444444444444444,0.5555555555555556,0.49444444444444446,0.7891566265060241,0.6428571428571429,0.6875,0.5,0.24343512899940828,0.3785857170005329,0.2453484610014129,0.2443821254671396,6.28589167872219,0.26836880333333585,,,,,,24.70589999997719,36.83267999997188,29.05129999995188,6.0,7.0,9.0,3.0,0.75,149.0,6.0,0.0,157.0,0.9612903225806452,0.0,0.9612903225806452,0.0
36,0.9375,0.7708333333333334,0.8333333333333334,0.8055555555555556,0.5666666666666667,0.5602409638554217,0.21428571428571427,0.5,0.5,0.4073052745079621,0.3213003005075734,0.4972833404899575,0.4317081089674806,0.3395368620966716,8.601332278928021,,,,,,28.636500000000524,38.848919999992724,34.13850000000093,7.0,6.0,8.0,2.0,0.8,139.0,5.0,1.0,143.0,0.9652777777777778,0.006944444444444444,0.9583333333333334,0.5
37,0.9791666666666666,0.9375,0.9166666666666666,0.8055555555555556,0.5944444444444444,0.7891566265060241,0.7857142857142857,0.71875,0.8125,0.2626872679975349,0.2741195625276305,0.2968513909727335,0.299697719704515,0.42102069306614187,0.35094074096414263,0.2,0.2,6.0,18.374999749999972,39.339285968571495,23.714199999988097,31.3139,27.015699999988072,7.0,5.0,6.0,2.0,0.75,164.0,2.0,3.0,167.0,0.9879518072289156,0.01764705882352941,0.9703047484053862,0.35
38,0.9583333333333334,0.7708333333333334,0.9722222222222222,0.6388888888888888,0.55,0.7349397590361446,0.8571428571428571,0.78125,0.5625,0.2549656754999887,0.2661570930213202,0.2446420849882997,0.2642690989363473,0.2828270618629176,0.2637077633679534,,,,,,18.76489999997615,23.118099999988075,22.452099999964233,7.0,8.0,11.0,3.0,0.7857142857142857,166.0,3.0,2.0,165.0,0.9822485207100592,0.011976047904191617,0.9702724728058676,0.15
39,0.9583333333333334,0.8958333333333334,0.8333333333333334,0.7777777777777778,0.7277777777777777,0.8975903614457831,0.2857142857142857,0.90625,0.40625,0.2238259859732352,0.2743004090152681,0.21225793400662946,0.25363441316100455,0.2917041032381045,0.23702531230325496,,,,,,,,,7.0,7.0,9.0,3.0,0.75,151.0,9.0,7.0,153.0,0.94375,0.04375,0.9,0.2
40,0.9166666666666666,0.6458333333333334,0.7777777777777778,0.5833333333333334,0.4666666666666667,0.7891566265060241,0.9285714285714286,0.40625,0.46875,0.3155739744834136,0.35274514500633813,0.2974020315159578,3.0052686000980127,0.5758540573704523,2.6439716854404347,,,,,,17.59589999997479,24.666739999997663,26.83400000000256,8.0,8.0,10.0,4.0,0.7142857142857143,185.0,3.0,1.0,187.0,0.9840425531914894,0.005319148936170213,0.9787234042553191,0.2
41,0.7916666666666666,0.6666666666666666,0.5833333333333334,0.4722222222222222,0.36666666666666664,0.5120481927710844,0.2857142857142857,0.4375,0.53125,1.2202856250223704,0.5324466654856224,0.615742350986693,1.7179008412760972,0.5599686138991576,0.7608942371744919,0.1,0.2,6.0,28.33928568142853,104.07142858571423,29.260900000035747,40.25801999999284,41.41919999998808,5.0,7.0,8.0,4.0,0.6666666666666666,105.0,35.0,13.0,127.0,0.75,0.09285714285714286,0.6571428571428571,0.0
42,0.9375,0.7916666666666666,0.8333333333333334,0.6666666666666666,0.5166666666666667,0.5481927710843374,0.7857142857142857,0.65625,0.4375,0.26924763299757615,0.26020075799897313,0.2530849310569465,0.28114793562951185,0.30087670376912373,0.29301620226610325,,,,,,26.403900000035748,29.916500000023838,28.98860000002385,9.0,8.0,10.0,4.0,0.7142857142857143,112.0,21.0,1.0,130.0,0.8421052631578947,0.007633587786259542,0.8344716753716351,0.05
43,0.9166666666666666,0.7291666666666666,0.7777777777777778,0.6111111111111112,0.5111111111111111,0.5662650602409639,0.14285714285714285,0.375,0.8125,0.21639077801955858,0.303281610016711,0.2009642770281061,0.664739419568962,0.317879551800835,0.20658845703743778,,,,,,33.089500000000015,40.95951999998093,36.67119999998809,7.0,5.0,5.0,3.0,0.625,142.0,7.0,4.0,143.0,0.9530201342281879,0.027210884353741496,0.9258092498744463,0.1
44,0.9166666666666666,0.8125,0.9166666666666666,0.75,0.6,0.5542168674698795,0.5714285714285714,0.71875,0.53125,0.2947918184800073,0.3213755455217324,0.23203281854512164,0.30554393129423263,2.300305493703733,0.23629773300296317,0.0,0.2,6.0,20.89285744428569,144.58928556857148,22.654500000000553,32.937279999994644,30.892800000070565,6.0,10.0,14.0,4.0,0.7777777777777778,156.0,4.0,1.0,159.0,0.975,0.00625,0.96875,0.15
45,,,,,,,,,,,,,,,,,,,,,19.09420000004775,50.2205600000143,25.883600000023762,5.0,6.0,6.0,4.0,0.6,131.0,19.0,0.0,154.0,0.8733333333333333,0.0,0.8733333333333333,
46,1.0,0.9166666666666666,0.9444444444444444,0.9444444444444444,0.6888888888888889,0.8072289156626506,0.5,0.90625,0.625,0.219555931049399,0.300551128515508,0.19224870204925537,0.24215610465436269,5.392937806295231,0.20320696617792625,,,,,,22.38539999997647,28.589159999990443,28.242799999951785,6.0,4.0,2.0,4.0,0.3333333333333333,145.0,15.0,5.0,155.0,0.90625,0.03125,0.875,0.05
47,0.8125,0.7291666666666666,0.5277777777777778,0.4444444444444444,0.3333333333333333,0.5662650602409639,0.42857142857142855,0.59375,0.53125,0.5573464380577207,0.36337500798981637,0.3433906100108288,0.8082824346212739,2.162624528028703,0.40787624761079705,0.1,0.3,6.0,26.464285509999993,156.6071428057142,20.303200000047582,33.55848000004225,25.408100000022387,7.0,6.0,6.0,4.0,0.6,156.0,20.0,5.0,171.0,0.8863636363636364,0.028409090909090908,0.8579545454545454,0.45
48,0.8541666666666666,0.9791666666666666,0.75,0.8333333333333334,0.6,0.7289156626506024,0.6428571428571429,0.6875,0.5625,0.22295692446641618,0.31544351897900924,0.22287879901705304,0.23893472019117326,0.3359570467417749,0.2338059184335482,0.0,0.2,6.0,24.464285841428524,203.10714282285713,25.945699999929275,30.23011999998125,31.085000000000946,8.0,8.0,11.0,3.0,0.7857142857142857,144.0,8.0,1.0,151.0,0.9473684210526315,0.006578947368421052,0.9407894736842105,0.5
49,0.9583333333333334,0.875,0.9722222222222222,0.9166666666666666,0.6888888888888889,0.9216867469879518,0.6428571428571429,0.625,0.46875,0.20447565952781585,0.23239814152475446,0.1959903709357604,0.2524737845368994,0.26562899909525484,0.21747631307466533,,,,,,18.52760000002384,20.485300000023848,19.935800000071524,7.0,8.0,9.0,5.0,0.6428571428571429,176.0,5.0,4.0,175.0,0.9723756906077348,0.0223463687150838,0.950029321892651,0.3
50,0.9583333333333334,0.7083333333333334,0.9444444444444444,0.7222222222222222,0.5222222222222223,0.5783132530120482,0.42857142857142855,0.5625,0.53125,0.3292540779802948,0.41454314306611195,0.31777781702112406,0.37861066390372194,0.49743032273448384,0.34930112480263537,,,,,,21.43139999997615,28.30089999997615,22.89889999997615,7.0,7.0,9.0,3.0,0.75,143.0,9.0,11.0,141.0,0.9407894736842105,0.07236842105263158,0.868421052631579,0.2
51,0.9583333333333334,0.8333333333333334,0.9722222222222222,0.7222222222222222,0.6944444444444444,0.6807228915662651,0.7857142857142857,0.75,0.53125,0.2588789359433576,0.2760161069454625,0.223651124513708,0.2749483535138505,0.3100046781512598,0.2539097869225467,0.0,0.4,6.0,16.83928584142857,44.51785701428576,26.37880000007152,50.41510000002385,34.40760000002385,7.0,7.0,8.0,4.0,0.6666666666666666,151.0,5.0,0.0,156.0,0.967948717948718,0.0,0.967948717948718,0.4
52,0.875,0.7916666666666666,0.5833333333333334,0.6388888888888888,0.4444444444444444,0.5481927710843374,0.6428571428571429,0.625,0.40625,0.3911606075707823,0.3861923819640651,0.4052742129424587,0.4248834217599194,0.3924808438128695,0.519477634927547,0.0,0.1,6.0,68.10714265285715,112.51785703142846,47.681100000023434,78.15003999998552,59.00350000000071,8.0,4.0,2.0,4.0,0.3333333333333333,115.0,8.0,7.0,118.0,0.9349593495934959,0.056,0.8789593495934959,0.15
53,0.9583333333333334,0.7708333333333334,0.8333333333333334,0.5833333333333334,0.5444444444444444,0.5963855421686747,0.35714285714285715,0.4375,0.4375,0.2792514569591731,0.3214617789490148,0.19750536605715752,0.3187387635216823,0.54677200547002,0.2107018260409989,0.1,0.4,6.0,21.857142984285836,208.0535713942857,22.36180000007151,30.128659999990454,28.09979999995231,5.0,4.0,2.0,4.0,0.3333333333333333,104.0,20.0,7.0,117.0,0.8387096774193549,0.056451612903225805,0.7822580645161291,0.25
54,0.9583333333333334,0.8541666666666666,0.8055555555555556,0.7222222222222222,0.5722222222222222,0.6325301204819277,0.7142857142857143,0.84375,0.5,0.2458775610430166,0.22751453152159226,0.2076402025413699,0.2595591298149278,0.2365941116081861,0.22696255616998914,0.1,0.7,6.0,6.982142918571354,68.16071430000018,20.27479999995232,25.524480000019075,23.258299999952314,7.0,9.0,12.0,4.0,0.75,138.0,15.0,2.0,149.0,0.9019607843137255,0.013245033112582781,0.8887157512011428,0.5
55,0.7708333333333334,0.8333333333333334,0.8611111111111112,0.6111111111111112,0.5222222222222223,0.6265060240963856,0.35714285714285715,0.65625,0.75,0.237206895078998,0.28679056954570115,0.1926453940104693,0.24293024387443432,8.432948127088215,0.22978822618385705,0.1,0.6,6.0,16.803571778571477,161.3214285371429,22.946899999976154,36.81142000000476,33.38179999995231,6.0,9.0,11.0,5.0,0.6875,163.0,7.0,1.0,173.0,0.9588235294117647,0.005747126436781609,0.9530764029749831,
56,0.7916666666666666,0.8125,0.8333333333333334,0.7777777777777778,0.5666666666666667,0.7530120481927711,0.5714285714285714,0.46875,0.46875,0.2430958329932764,0.2466691940207965,0.206815998069942,0.25989137992166494,0.27254978237657007,0.24190402862712226,0.0,0.1,6.0,15.410714035714408,131.21428572857155,23.777100000023836,37.5549399999857,37.29629999995231,7.0,5.0,6.0,2.0,0.75,114.0,32.0,7.0,143.0,0.7808219178082192,0.04666666666666667,0.7341552511415526,0.3
57,0.9791666666666666,0.9375,0.8888888888888888,0.8333333333333334,0.6944444444444444,0.6807228915662651,0.7857142857142857,0.5,0.59375,0.19978347502183164,0.28346715448424215,0.23547867999877775,0.21209718396809574,0.3005124867466899,0.2493063748387309,,,,,,21.151599999904647,29.63869999997616,28.04420000004768,7.0,10.0,14.0,4.0,0.7777777777777778,151.0,2.0,0.0,151.0,0.9869281045751634,0.0,0.9869281045751634,0.5
58,0.8958333333333334,0.8125,0.9444444444444444,0.7222222222222222,0.5777777777777777,0.6987951807228916,0.7857142857142857,,,,,,,,,,,,,,19.529299999952315,27.468880000019077,21.5332000000477,,,,,,,,,,,,,
59,0.7916666666666666,0.6875,0.6944444444444444,0.75,0.46111111111111114,0.536144578313253,0.7142857142857143,0.5,0.375,0.3579476964659989,0.2744605930056423,0.24968253099359572,0.36930599400075154,0.2771365009791528,0.27019507526420056,0.1,0.4,6.0,16.499999984285612,103.48214291714281,20.00800000000001,26.482640000009543,23.072000000000017,5.0,5.0,6.0,2.0,0.75,142.0,10.0,0.0,152.0,0.9342105263157895,0.0,0.9342105263157895,0.3
60,0.9375,0.7916666666666666,0.8333333333333334,0.3888888888888889,0.43333333333333335,0.5,0.2857142857142857,0.53125,0.46875,0.5574354429845698,0.286784779978916,0.31128272402565926,0.649155358329881,1.3319024127458448,0.3522650632580432,0.1,0.3,6.0,35.17857116142868,83.5535713942857,23.641300000071524,25.840680000042916,24.26830000007152,7.0,7.0,9.0,3.0,0.75,144.0,7.0,1.0,152.0,0.9536423841059603,0.006535947712418301,0.947106436393542,0.25
61,0.9583333333333334,0.8541666666666666,0.8888888888888888,0.7222222222222222,0.5944444444444444,0.7590361445783133,0.5714285714285714,,,,,,,,,0.1,0.2,6.0,7.874999827142943,37.6785712999998,23.80210000002353,30.024239999985912,29.107299999952374,7.0,7.0,9.0,3.0,0.75,166.0,2.0,1.0,167.0,0.9880952380952381,0.005952380952380952,0.9821428571428572,
62,0.9166666666666666,0.8333333333333334,0.7222222222222222,0.6388888888888888,0.48333333333333334,0.8493975903614458,0.8571428571428571,0.59375,0.53125,0.25554166699294,0.3482612459920347,0.2558074404951185,0.29385679131293474,0.3463777956436388,0.2676882391989542,,,,,,26.73820000004767,35.988980000019076,36.509000000000015,7.0,5.0,5.0,3.0,0.625,138.0,11.0,9.0,138.0,0.9261744966442953,0.061224489795918366,0.864950006848377,0.25
63,0.9166666666666666,0.8333333333333334,0.75,0.7222222222222222,0.5555555555555556,0.7228915662650602,0.21428571428571427,0.53125,0.5625,0.31376694148639217,0.3504060610430315,0.2811192714725621,0.30748468816357977,0.3648103790494196,0.3002364295728815,0.1,0.4,6.0,52.32142882142849,147.44642874857144,22.24549999998999,31.6702199999796,29.133799999952316,8.0,6.0,7.0,3.0,0.7,150.0,7.0,2.0,153.0,0.9554140127388535,0.012903225806451613,0.9425107869324019,0.15
64,0.9583333333333334,0.9166666666666666,0.9722222222222222,0.9166666666666666,0.7777777777777778,0.8253012048192772,0.9285714285714286,0.84375,0.71875,0.20178831648081536,0.27444542956072837,0.19933828752255064,0.22739302861349034,1.0059725792651686,0.21049425952369344,0.1,0.2,6.0,38.071428698571516,95.82142863142862,22.497799999953713,51.472380000018894,27.558499999999185,9.0,8.0,10.0,4.0,0.7142857142857143,166.0,6.0,3.0,169.0,0.9651162790697675,0.01744186046511628,0.9476744186046512,0.75
65,0.9791666666666666,0.9166666666666666,1.0,0.8055555555555556,0.7277777777777777,0.8132530120481928,0.9285714285714286,0.90625,0.71875,0.28615931648528203,0.3469275010284036,0.2886336304945871,0.31555293053776645,0.3685161010323403,0.2998678161335799,0.0,0.3,6.0,16.249999967142667,134.91071434571427,24.231699999928452,38.15803999998569,29.66360000002382,9.0,8.0,11.0,3.0,0.7857142857142857,194.0,0.0,0.0,190.0,1.0,0.0,1.0,0.55
66,0.9791666666666666,0.8333333333333334,0.9722222222222222,0.6388888888888888,0.6055555555555555,0.6506024096385542,0.8571428571428571,0.59375,0.625,0.22903462848626072,0.2523692710092291,0.2019608569098636,0.23372206753507876,0.27091605818011505,0.21363874473047023,0.0,0.0,6.0,18.62500036428583,166.2321428714287,26.3425,31.04997999999523,28.50789999997616,7.0,8.0,10.0,4.0,0.7142857142857143,187.0,18.0,9.0,194.0,0.9121951219512195,0.04433497536945813,0.8678601465817615,0.3
67,0.9583333333333334,0.6666666666666666,0.75,0.6666666666666666,0.5,0.7710843373493976,0.6428571428571429,,,,,,,,,0.0,0.3,6.0,28.964285681428553,110.01785698285711,28.523100000023987,32.6043200000051,30.601899999976013,7.0,6.0,7.0,3.0,0.7,159.0,8.0,0.0,169.0,0.9520958083832335,0.0,0.9520958083832335,
68,0.9375,0.8541666666666666,0.9722222222222222,0.8333333333333334,0.6666666666666666,0.7951807228915663,0.5,0.5625,0.5625,0.2706144585390575,0.2946347785182297,0.2628376444918103,0.272831186640542,2.996221077973799,0.26274730140188085,0.0,0.0,6.0,40.946428538571574,184.35714287142852,27.089499999999987,39.81605999999046,35.6368000000715,6.0,6.0,6.0,4.0,0.6,167.0,5.0,0.0,172.0,0.9709302325581395,0.0,0.9709302325581395,0.3
69,0.9583333333333334,0.7916666666666666,0.9444444444444444,0.8333333333333334,0.6388888888888888,0.7228915662650602,0.6428571428571429,0.75,0.75,0.27424503449583426,0.27451945352368057,0.2615143749862909,0.2843189446061539,0.28296959491757057,0.2753083962015807,0.1,0.3,6.0,16.821428590000036,114.9464286314286,23.211599999904138,25.864800000000105,25.8082000000486,7.0,7.0,10.0,2.0,0.8333333333333334,158.0,7.0,2.0,161.0,0.9575757575757575,0.012269938650306749,0.9453058189254507,0.05
70,0.875,0.7708333333333334,0.75,0.4444444444444444,0.46111111111111114,0.6566265060240963,0.6428571428571429,0.5625,0.5625,0.24362273252336306,0.2721026110230014,0.2434392785071395,0.5524856747322093,0.2842849682007606,0.24227594620315357,0.0,0.1,6.0,16.39285727000002,83.14285710857142,19.17450000000008,24.13893999998563,22.247200000047087,8.0,6.0,7.0,3.0,0.7,155.0,9.0,3.0,161.0,0.9451219512195121,0.018292682926829267,0.9268292682926829,0.4
71,1.0,0.8541666666666666,0.75,0.7222222222222222,0.48333333333333334,0.8012048192771084,0.6428571428571429,0.59375,0.8125,0.21760891698068005,0.2812614394933916,0.1862046174937859,0.2186666128186819,0.29212361624619615,0.19948112369747825,,,,,,22.97179999995231,27.4370399999857,28.81860000002385,6.0,6.0,7.0,3.0,0.7,164.0,0.0,0.0,164.0,1.0,0.0,1.0,0.4
72,0.9791666666666666,0.875,0.8611111111111112,0.6666666666666666,0.6055555555555555,0.5783132530120482,0.5,0.53125,0.5,0.2540983135695569,0.26138505549170077,0.26201526855584234,0.27528952022936815,0.2786525434309927,0.2686880413015994,,,,,,22.777800000070783,32.782459999990536,30.905599999905462,8.0,6.0,8.0,2.0,0.8,140.0,9.0,2.0,145.0,0.9395973154362416,0.013605442176870748,0.9259918732593708,0.3
73,0.8333333333333334,0.8541666666666666,0.75,0.5555555555555556,0.4888888888888889,0.6024096385542169,0.5714285714285714,0.5625,0.71875,0.2326239079702645,0.3384932204498909,0.231982791039627,0.24066693246519807,2.956647467170842,0.27238118582948423,0.0,0.5,6.0,18.982142698571412,66.85714282285718,22.126199999928474,27.67672000002861,25.97190000009536,8.0,7.0,8.0,4.0,0.6666666666666666,143.0,17.0,2.0,158.0,0.89375,0.0125,0.8812500000000001,0.35
74,0.9791666666666666,0.8958333333333334,0.8888888888888888,0.8611111111111112,0.6277777777777778,0.8554216867469879,0.6428571428571429,0.75,0.5,0.20243720000144094,0.24171540647512296,0.2077514959964901,0.21713809457918004,0.24735805532739807,0.2116453536175962,0.0,0.4,6.0,15.16071403571439,98.92857153714287,22.564100000023842,30.95015999999047,28.04400000000001,,,,,,,,,,,,,0.55
75,1.0,0.8541666666666666,0.9166666666666666,0.8055555555555556,0.6944444444444444,0.927710843373494,0.7857142857142857,0.78125,0.53125,0.21508823696058238,0.2640069480403326,0.1750323240412399,0.22791869820794083,0.2754922790724474,0.1902980409634845,0.0,0.6,6.0,30.928571555714417,60.67857144285715,23.782800000069983,27.9111400000329,26.680300000072748,7.0,9.0,12.0,4.0,0.75,146.0,5.0,1.0,152.0,0.9668874172185431,0.006535947712418301,0.9603514695061248,0.5
76,0.9583333333333334,0.7708333333333334,0.8611111111111112,0.6944444444444444,0.5166666666666667,0.7771084337349398,0.7857142857142857,0.46875,0.5625,0.33775686245644465,0.3368777750292793,0.3265228744712658,0.3542742016570022,0.9849363969285684,0.7588364276064871,0.1,0.3,6.0,11.000000081428725,122.5892856628573,24.33779999995204,50.31290000002373,28.50830000007045,7.0,5.0,6.0,2.0,0.75,191.0,1.0,2.0,190.0,0.9947916666666666,0.010416666666666666,0.984375,0.25
77,0.7291666666666666,0.8125,0.7222222222222222,0.5555555555555556,0.4,0.6265060240963856,0.35714285714285715,0.75,0.71875,0.31078552850522095,0.3342891889624297,0.3851303604897111,0.3148579400032759,1.2580161234765346,0.45235186072920136,0.0,0.2,6.0,11.410714018571538,47.125000014285824,24.674299999951472,39.84235999996672,38.05419999992955,7.0,6.0,6.0,4.0,0.6,142.0,8.0,2.0,144.0,0.9466666666666667,0.0136986301369863,0.9329680365296804,0.15
78,0.7708333333333334,0.8958333333333334,0.6666666666666666,0.7777777777777778,0.4888888888888889,0.7048192771084337,0.42857142857142855,0.5625,0.59375,0.7600911509944126,0.3047477800864726,0.3026239559985697,2.68496308403475,0.3038168031449333,0.3061222148826346,0.0,0.6,6.0,17.32142832142859,97.3035713942857,28.834100000023682,35.04275999999027,36.57859999990433,6.0,6.0,8.0,2.0,0.8,139.0,5.0,0.0,144.0,0.9652777777777778,0.0,0.9652777777777778,0.3
79,0.8333333333333334,0.9166666666666666,0.8333333333333334,0.8888888888888888,0.6555555555555556,0.7590361445783133,0.8571428571428571,0.625,0.625,0.27514602098381147,0.3439362600911408,0.24132036848459384,0.2798557304699595,18.831702807745575,0.26866798074527953,0.0,0.1,6.0,10.482143001428524,27.50000012857142,18.152500000000003,21.12927999999523,20.576100000023843,7.0,6.0,6.0,4.0,0.6,189.0,3.0,1.0,191.0,0.984375,0.005208333333333333,0.9791666666666666,0.35
80,0.9583333333333334,0.9166666666666666,0.8888888888888888,0.75,0.6944444444444444,0.7831325301204819,0.6428571428571429,0.9375,0.875,0.21410197293153024,0.2696376600069925,0.26601098297396675,0.23366898952905707,0.2865968957214199,0.31119460619908446,,,,,,18.384100000023864,23.972600000000007,22.031900000095362,6.0,8.0,10.0,4.0,0.7142857142857143,156.0,11.0,1.0,168.0,0.9341317365269461,0.005917159763313609,0.9282145767636325,0.45
81,0.875,0.8958333333333334,0.8333333333333334,0.7222222222222222,0.5277777777777778,0.6265060240963856,0.5714285714285714,0.46875,0.71875,0.37669045047368854,0.3697087219916284,0.48012214398477226,0.39689937432607014,3.7559962049281848,0.5993350543625032,,,,,,28.818800000071526,30.172500000000003,29.654600000023848,7.0,6.0,7.0,3.0,0.7,134.0,13.0,2.0,147.0,0.9115646258503401,0.013422818791946308,0.8981418070583939,0.75
82,0.9583333333333334,0.9791666666666666,0.9722222222222222,0.8888888888888888,0.7777777777777778,0.8734939759036144,0.7142857142857143,0.78125,0.5,0.2120958180748857,0.26670147315599024,0.20189079293049866,0.2226376331450107,0.2674302103618781,0.22428440143897502,,,,,,20.339200000047697,28.9924600000143,27.578999999999994,7.0,6.0,8.0,2.0,0.8,180.0,0.0,0.0,180.0,1.0,0.0,1.0,0.3
83,0.9791666666666666,0.75,0.8611111111111112,0.6111111111111112,0.5388888888888889,0.8072289156626506,0.7857142857142857,0.9375,0.5625,0.2138402375858277,0.24766178906429553,0.18771088693756605,0.2326467759674415,0.2632915913670634,0.19101526906403402,0.0,0.2,6.0,15.089285572857191,78.46428568000002,18.228200000047764,25.806960000014442,25.05010000002403,7.0,9.0,11.0,5.0,0.6875,156.0,8.0,9.0,155.0,0.9512195121951219,0.054878048780487805,0.896341463414634,0.5
84,1.0,0.8958333333333334,1.0,0.8333333333333334,0.7666666666666667,0.8132530120481928,0.9285714285714286,0.96875,0.65625,0.1625776009168476,0.2119801640510559,0.1732201324775815,0.177905747980072,0.4890210177540651,0.17887395072417955,0.0,0.2,6.0,9.64285728714279,34.535714365714306,20.4746000000232,30.683599999999934,29.85170000004655,8.0,11.0,14.0,6.0,0.7,126.0,3.0,0.0,127.0,0.9767441860465116,0.0,0.9767441860465116,0.45
85,0.9791666666666666,0.7708333333333334,0.9722222222222222,0.6666666666666666,0.6444444444444445,0.7409638554216867,0.8571428571428571,0.71875,0.65625,0.29832601197995245,0.30606921599246556,0.2358326883986592,0.3047352808760479,0.31486017293451973,0.24014440365135667,,,,,,23.88709999990465,33.81579999995232,32.32889999985696,6.0,8.0,10.0,4.0,0.7142857142857143,143.0,14.0,1.0,154.0,0.910828025477707,0.0064516129032258064,0.9043764125744812,0.0
86,0.9583333333333334,0.8541666666666666,0.9166666666666666,0.8888888888888888,0.7277777777777777,0.9216867469879518,0.9285714285714286,0.71875,0.5,0.179002386983484,0.23240647546481336,0.1645778794772923,0.18906706833125397,0.24338831549976017,0.168607260651576,,,,,,20.63480000019075,34.45466000008583,33.27959999990463,8.0,6.0,8.0,2.0,0.8,179.0,4.0,5.0,180.0,0.9781420765027322,0.02702702702702703,0.9511150494757052,0.45
87,0.7083333333333334,0.875,0.5833333333333334,0.5277777777777778,0.40555555555555556,0.7951807228915663,0.2857142857142857,0.53125,0.5,0.267712683416903,0.2970157980453223,0.2806388889439404,0.2862674920586869,2.7741247507898756,0.29684674278832973,0.0,0.4,6.0,17.232142858571414,96.0000000599999,16.253800000191404,28.76098000006714,25.374599999904603,10.0,7.0,8.0,4.0,0.6666666666666666,139.0,6.0,1.0,150.0,0.9586206896551724,0.006622516556291391,0.951998173098881,0.3
88,0.9166666666666666,0.9166666666666666,0.8611111111111112,0.8055555555555556,0.5388888888888889,0.6265060240963856,0.5,0.5,0.5,0.342491187970154,0.4461024180054664,0.3412684709765017,0.3531335713109002,0.7971590538830335,0.3547879671677947,0.0,0.0,6.0,14.392856875714221,69.16071414,26.29949999999998,42.85041999993323,38.41739999985694,7.0,6.0,7.0,3.0,0.7,147.0,5.0,1.0,151.0,0.9671052631578947,0.006578947368421052,0.9605263157894737,0.05
89,0.9375,0.75,0.7777777777777778,0.6111111111111112,0.4777777777777778,0.7951807228915663,0.7857142857142857,0.5625,0.5625,0.1790017138700932,0.25556992343626916,0.1850237090839073,0.19821961190358825,0.255309968519335,0.1919955305522308,,,,,,21.989799999953902,28.43714000001055,27.19390000009662,7.0,6.0,7.0,3.0,0.7,143.0,6.0,1.0,146.0,0.959731543624161,0.006802721088435374,0.9529288225357256,0.35
90,0.7916666666666666,0.8125,0.8333333333333334,0.6666666666666666,0.5,0.6325301204819277,0.5,0.65625,0.46875,0.2514855104964226,0.3030595290474593,0.22184654732700435,0.26070322616336244,0.30996102279309057,0.2346895006252452,0.0,0.3,6.0,15.678571129999966,165.37500005999996,43.65120000004765,64.9349400000095,53.4393999998569,7.0,4.0,4.0,2.0,0.6666666666666666,143.0,12.0,2.0,155.0,0.9225806451612903,0.012738853503184714,0.9098417916581056,0.1
91,0.9791666666666666,0.8958333333333334,0.9166666666666666,0.8888888888888888,0.7944444444444444,0.8554216867469879,0.8571428571428571,0.65625,0.75,0.1870386989321559,0.24407082004472608,0.1853301044320687,0.20572666044657423,0.24851861644225812,0.19515049761005987,0.0,0.1,6.0,10.750000018571265,61.12499994857142,27.86340000009659,32.5869200000292,30.934500000003027,8.0,8.0,9.0,5.0,0.6428571428571429,165.0,4.0,2.0,173.0,0.9763313609467456,0.011428571428571429,0.9649027895181741,0.35
92,0.9791666666666666,0.75,0.9444444444444444,0.8333333333333334,0.6388888888888888,0.8795180722891566,0.6428571428571429,0.5625,0.6875,0.19787714700214565,0.2423741531092673,0.2034767310833558,0.211741648420381,0.25173879748788375,0.2233518079000835,0.0,0.1,6.0,23.142856841428618,228.57142851999998,21.15810000014244,26.35370000000039,25.321700000047713,8.0,6.0,7.0,3.0,0.7,157.0,3.0,0.0,160.0,0.98125,0.0,0.98125,0.4
93,0.875,0.8125,0.8611111111111112,0.8055555555555556,0.6055555555555555,0.8132530120481928,0.7142857142857143,0.65625,0.6875,0.2172179329209029,0.2739090055692941,0.2048177930992096,0.24543887005861975,0.2841435277291263,0.2120587683909026,0.1,0.0,6.0,13.660714287142953,55.69642887142866,19.20629999995232,25.432779999923714,26.152099999904635,8.0,7.0,9.0,3.0,0.75,169.0,5.0,4.0,174.0,0.9712643678160919,0.02247191011235955,0.9487924577037323,0.15
94,0.75,0.8958333333333334,0.8611111111111112,0.6944444444444444,0.5222222222222223,0.6445783132530121,0.35714285714285715,0.65625,0.5,0.3737728745909408,0.3063000170513987,0.2235750982072204,0.3811781442568948,0.3149755057589761,0.25558177967844853,0.0,0.3,6.0,18.44642869857154,231.71428567999993,30.66520000004857,40.86091999993332,35.8690000000006,6.0,4.0,4.0,2.0,0.6666666666666666,129.0,10.0,1.0,140.0,0.9280575539568345,0.0070921985815602835,0.9209653553752742,0.0
95,0.9583333333333334,0.7291666666666666,0.8888888888888888,0.75,0.5166666666666667,0.8313253012048193,0.8571428571428571,0.5625,0.40625,0.2072097789496183,0.2686340545769781,0.1958266128785908,0.20941794319238896,0.2727489684226124,0.5918955296872119,0.0,0.2,6.0,45.696428715714276,129.73214298571426,25.714999999996508,43.36565999999002,30.42739999985497,8.0,8.0,12.0,2.0,0.8571428571428571,190.0,7.0,4.0,191.0,0.9644670050761421,0.020512820512820513,0.9439541845633216,0.25
96,1.0,0.875,1.0,0.7222222222222222,0.6944444444444444,0.8674698795180723,0.9285714285714286,0.6875,0.875,0.1919225209858268,0.23286997142713517,0.18274410441517824,0.2140603995448428,0.23828020357593357,0.1901584289812793,0.1,0.1,6.0,17.21428584142857,90.92857161714286,22.291600000142353,30.87414000000972,28.98059999990619,6.0,9.0,12.0,4.0,0.75,141.0,12.0,3.0,148.0,0.9215686274509803,0.019867549668874173,0.9017010777821062,0.35
97,0.9791666666666666,0.75,0.6944444444444444,0.3055555555555556,0.4222222222222222,0.7228915662650602,0.21428571428571427,,,,,,,,,0.1,0.1,6.0,14.892856892857068,77.67857161714292,30.109399999856578,34.95929999995205,34.45849999999973,8.0,5.0,6.0,2.0,0.75,78.0,46.0,7.0,117.0,0.6290322580645161,0.056451612903225805,0.5725806451612904,
98,0.8541666666666666,0.8541666666666666,0.7222222222222222,0.6388888888888888,0.46111111111111114,0.536144578313253,0.6428571428571429,0.53125,0.5625,0.2788652877788991,0.27614791796077043,0.2169616359751671,0.38216851801804164,0.4011334934659923,0.2776592735056605,,,,,,28.513299999952324,47.98322000002862,40.78809999990466,6.0,7.0,10.0,2.0,0.8333333333333334,138.0,6.0,1.0,143.0,0.9583333333333334,0.006944444444444444,0.951388888888889,0.15
99,1.0,0.8958333333333334,0.9444444444444444,0.7777777777777778,0.6611111111111111,0.7951807228915663,0.7142857142857143,0.625,0.78125,0.1919517498463392,0.2701285380171612,0.19684817793313408,0.19987294494559793,0.27115779452336325,0.21347880038332992,,,,,,45.48573000000033,69.05541599999995,60.235665000000125,6.0,7.0,9.0,3.0,0.75,147.0,2.0,3.0,144.0,0.9865771812080537,0.02040816326530612,0.9661690179427476,0.25
100,0.9166666666666666,0.8541666666666666,0.8055555555555556,0.6111111111111112,0.48333333333333334,0.5180722891566265,0.14285714285714285,0.4375,0.46875,0.2470862469635903,0.2725189509801566,0.2078270420897752,0.253148701218567,0.31121901099987587,0.23150424292343183,0.2,0.6,6.0,31.41071441285721,165.64285734857145,36.59649999999965,42.206439999962456,40.64069999981075,5.0,5.0,5.0,3.0,0.625,162.0,7.0,0.0,167.0,0.9585798816568047,0.0,0.9585798816568047,0.35
101,0.9791666666666666,0.9583333333333334,0.9722222222222222,0.9166666666666666,0.6777777777777778,0.6445783132530121,0.6428571428571429,0.8125,0.65625,0.35713772650342435,0.2707796770846471,0.4698809761321172,0.3904113365414863,0.2753357658395544,0.4536769618978724,0.0,0.5,6.0,15.892856892857266,89.57142876000003,20.94959999990462,25.890059999990456,24.404900000095367,7.0,6.0,8.0,2.0,0.8,145.0,15.0,3.0,157.0,0.90625,0.01875,0.8875,0.35
102,0.9583333333333334,0.7916666666666666,0.9722222222222222,0.6666666666666666,0.6222222222222222,0.8433734939759037,0.8571428571428571,0.875,0.71875,0.3238489649957046,0.2906653765821829,0.28674953943118453,0.34425983218631395,0.3012520940431083,0.3011821654935678,0.0,0.4,6.0,12.571428952857236,94.76785734857151,20.216700000047695,35.24457999997139,31.880099999904644,8.0,8.0,10.0,4.0,0.7142857142857143,161.0,39.0,1.0,199.0,0.805,0.005,0.8,0.25
103,0.8541666666666666,0.8333333333333334,0.9166666666666666,0.7222222222222222,0.5555555555555556,0.6144578313253012,0.5714285714285714,0.59375,0.46875,0.4002878859173506,0.26052811939734966,0.2879062658175826,0.4440330600622913,0.33637582881575717,0.7423332830296894,,,,,,29.178400000095365,36.058759999990464,34.360899999856954,6.0,6.0,7.0,3.0,0.7,119.0,25.0,5.0,139.0,0.8263888888888888,0.034722222222222224,0.7916666666666666,0.15
104,0.875,0.625,0.3333333333333333,0.4722222222222222,0.2777777777777778,0.4939759036144578,0.14285714285714285,0.5,0.5,7.591448049992323,,,7.591448049992323,,,0.0,0.2,6.0,663.3571428242857,708.5000000514286,45.869600000143066,89.69482000002861,63.600200000047664,2.0,4.0,2.0,4.0,0.3333333333333333,95.0,29.0,3.0,121.0,0.7661290322580645,0.024193548387096774,0.7419354838709677,
105,0.9583333333333334,0.9166666666666666,0.8611111111111112,0.6666666666666666,0.6333333333333333,0.891566265060241,0.35714285714285715,0.53125,0.65625,0.2779476025607437,0.3892182279378176,0.3413421160075813,0.29146717553958296,0.4191911653537924,0.351496878642075,0.0,0.2,6.0,22.01785727,621.8392856628572,29.35040000009576,36.373300000000015,32.323099999905025,7.0,4.0,2.0,4.0,0.3333333333333333,137.0,23.0,0.0,160.0,0.85625,0.0,0.85625,0.2
106,0.8958333333333334,0.8333333333333334,0.8055555555555556,0.6944444444444444,0.6222222222222222,0.8373493975903614,0.5,0.625,0.71875,0.2283067379612475,0.2522320745047182,0.2233838600805029,0.24559858324937517,0.2626923778171961,0.2308452479774132,0.0,0.4,6.0,34.482142889999956,277.8214285199998,22.824299999952927,26.971020000028876,27.18449999999939,7.0,8.0,10.0,4.0,0.7142857142857143,148.0,9.0,3.0,152.0,0.9426751592356688,0.01935483870967742,0.9233203205259913,0.2
107,0.7916666666666666,0.8958333333333334,0.8055555555555556,0.5555555555555556,0.45555555555555555,0.4819277108433735,0.14285714285714285,0.46875,0.53125,0.498737764544785,0.40874056052416563,0.5162945089396089,0.5047149053076282,0.7219396473642868,0.6193875711379123,0.0,0.0,6.0,35.12499987285714,172.6249999971428,22.041299999952315,32.27332000002861,33.17689999985694,6.0,6.0,7.0,3.0,0.7,132.0,28.0,6.0,154.0,0.825,0.0375,0.7875,0.0
108,0.8958333333333334,0.7291666666666666,0.5555555555555556,0.6111111111111112,0.43333333333333335,0.6626506024096386,0.35714285714285715,0.625,0.65625,0.3022420385386795,0.3844065589364618,0.203703039092943,0.3174550889370342,0.43986036604339324,0.38237146358005697,,,,,,27.48589999985694,50.553619999980924,40.775399999856944,6.0,4.0,2.0,4.0,0.3333333333333333,84.0,39.0,5.0,120.0,0.6829268292682927,0.04,0.6429268292682927,0.15
109,1.0,0.9375,0.8888888888888888,0.9166666666666666,0.7333333333333333,0.7469879518072289,0.5714285714285714,0.5625,0.5625,0.25616745545994485,0.3248908380046487,0.2563339745393023,0.27406581530813123,0.3399423866299912,0.2767725931480527,,,,,,24.914400000095355,29.936720000028608,28.47789999985696,7.0,8.0,9.0,5.0,0.6428571428571429,157.0,3.0,6.0,154.0,0.98125,0.0375,0.94375,0.75
110,0.8541666666666666,0.8333333333333334,0.8888888888888888,0.5277777777777778,0.46111111111111114,0.463855421686747,0.8571428571428571,0.4375,0.65625,0.3634259419050067,0.3314860430546105,0.2603997820988297,0.4275613862900408,0.3814354182766943,0.3134046968105914,,,,,,20.644599999904628,25.001800000000003,25.85460000014305,8.0,8.0,12.0,2.0,0.8571428571428571,123.0,13.0,2.0,134.0,0.9044117647058824,0.014705882352941176,0.8897058823529412,0.3
111,0.8541666666666666,0.7708333333333334,0.6944444444444444,0.5833333333333334,0.46111111111111114,0.7590361445783133,0.6428571428571429,0.625,0.5625,0.22935811500065023,0.2785836849361658,0.26870624301955104,0.25291754431867347,0.2880875401214921,0.2846852757191906,0.0,0.1,6.0,14.51785739285717,183.2499999657143,21.669599999904648,33.16176000003816,26.083700000047685,7.0,7.0,9.0,3.0,0.75,147.0,1.0,0.0,148.0,0.9932432432432432,0.0,0.9932432432432432,0.1
112,1.0,0.9375,0.8333333333333334,0.75,0.6388888888888888,0.5602409638554217,0.5714285714285714,0.71875,0.5625,0.26637119951192284,0.25842836347874254,0.2226504159625619,0.2837403882217283,0.26319605398457496,0.2412349064272411,0.0,0.2,6.0,19.750000018571416,25.857142902857117,23.4097999999523,30.13977999997138,26.083599999904635,7.0,6.0,8.0,2.0,0.8,152.0,8.0,1.0,159.0,0.95,0.00625,0.94375,0.3
113,0.8541666666666666,0.7291666666666666,0.8055555555555556,0.7222222222222222,0.6222222222222222,0.5542168674698795,0.5714285714285714,0.6875,0.8125,0.5327042071148753,0.3186173571739346,0.2684864704497158,0.5566680786587919,0.34571788892046446,0.29380027637816963,,,,,,22.533299999952305,37.06998000001907,27.05770000004766,5.0,4.0,3.0,3.0,0.5,127.0,30.0,1.0,154.0,0.8089171974522293,0.0064516129032258064,0.8024655845490035,0.55
114,0.9791666666666666,0.9166666666666666,0.8888888888888888,0.9166666666666666,0.5222222222222223,0.8192771084337349,0.7142857142857143,0.8125,0.8125,0.20091067999601359,0.259395441506058,0.18051493656821546,0.23442248826225598,0.27728283845353874,0.1918902684080725,0.0,0.4,6.0,41.58928584142854,112.25000010857141,24.954599999904616,35.80301999998092,28.648799999952303,7.0,5.0,6.0,2.0,0.75,134.0,11.0,3.0,140.0,0.9241379310344827,0.02097902097902098,0.9031589100554618,0.05
115,0.8333333333333334,0.8125,0.9444444444444444,0.7777777777777778,0.5611111111111111,0.8674698795180723,0.7857142857142857,0.4375,0.65625,0.1968120969831943,0.2798236169619486,0.2091414909809827,0.1996982437397899,0.3055035026960208,0.23133735961666138,,,,,,28.031599999904614,37.77102000002861,33.44789999985696,6.0,4.0,2.0,4.0,0.3333333333333333,144.0,7.0,0.0,153.0,0.9536423841059603,0.0,0.9536423841059603,0.35
116,1.0,0.6458333333333334,0.8055555555555556,0.5,0.49444444444444446,0.8674698795180723,0.8571428571428571,0.5,0.53125,0.2031730145681649,0.2502848448930308,0.18383246893063185,0.2107159602378184,0.26259885527348764,0.19392943453664582,0.0,0.3,6.0,6.785714304285565,77.64285720285709,19.856399999858695,26.871839999911025,27.523700000048848,7.0,10.0,16.0,2.0,0.8888888888888888,132.0,6.0,3.0,131.0,0.9565217391304348,0.022388059701492536,0.9341336794289423,0.1
117,0.9583333333333334,0.9375,0.9722222222222222,0.8611111111111112,0.6555555555555556,0.6385542168674698,0.9285714285714286,0.46875,0.625,0.2122412590542808,0.3088183815125376,0.1782310534035787,0.223726831159244,0.3164723544863851,0.19504136575075484,,,,,,30.21650000000227,65.0417800000192,36.32120000004579,9.0,7.0,10.0,2.0,0.8333333333333334,152.0,11.0,0.0,165.0,0.9325153374233128,0.0,0.9325153374233128,0.2
118,0.9166666666666666,0.9166666666666666,0.8611111111111112,0.75,0.5833333333333334,0.6024096385542169,0.7857142857142857,0.46875,0.65625,0.2177399275824427,0.2789867690298706,0.1762036399450153,0.23574927318841213,0.3363125231036724,0.18410171765095454,,,,,,20.20590000009537,25.881180000066752,21.81060000014304,8.0,7.0,8.0,4.0,0.6666666666666666,156.0,4.0,1.0,159.0,0.975,0.00625,0.96875,0.25
119,0.9166666666666666,0.7916666666666666,0.9722222222222222,0.6111111111111112,0.6333333333333333,0.8192771084337349,0.35714285714285715,0.78125,0.5,0.1884036960545927,0.23049095610622317,0.19853508949745446,0.20613679805256682,0.2424575755683084,0.2036329171232258,,,,,,17.98609999990464,25.30832000002861,21.086700000047685,9.0,7.0,9.0,3.0,0.75,168.0,7.0,4.0,173.0,0.96,0.022598870056497175,0.9374011299435028,0.25
120,0.9791666666666666,0.5208333333333334,0.8888888888888888,0.3333333333333333,0.45,0.7409638554216867,0.5,0.625,0.90625,0.22250209609046576,0.2552664668764919,0.19632112595718348,0.2418968649348244,0.26143002290888845,0.20390825974754984,0.1,0.0,6.0,41.214285681428585,117.57142847428572,24.22570000004768,35.52994000000954,33.84909999990464,5.0,6.0,8.0,2.0,0.8,140.0,12.0,10.0,142.0,0.9210526315789473,0.06578947368421052,0.8552631578947368,0.5
121,0.9375,0.875,0.8888888888888888,0.7777777777777778,0.5777777777777777,0.8614457831325302,0.35714285714285715,0.5625,0.8125,0.16815177851822222,0.2627417228650301,0.1900920381303876,0.19450632803740772,0.271113294859192,0.20990016952895657,0.0,0.5,6.0,22.000000127142876,201.07142863142857,26.883600000143076,42.14710000004769,32.98329999995235,5.0,6.0,7.0,3.0,0.7,156.0,7.0,4.0,161.0,0.9570552147239264,0.024242424242424242,0.9328127904815021,0.25
122,0.9166666666666666,0.8125,0.9166666666666666,0.75,0.5888888888888889,0.6927710843373494,0.2857142857142857,0.5625,0.46875,0.24972842901479447,0.2813016099389642,0.2225293649826198,0.2496154726327707,0.2914957093669037,0.22840517708742666,0.0,0.1,6.0,19.553571161428714,156.57142851999984,28.32869999980926,45.589039999961855,39.105000000000004,7.0,5.0,6.0,2.0,0.75,159.0,5.0,4.0,160.0,0.9695121951219512,0.024390243902439025,0.9451219512195121,0.0
123,0.9791666666666666,0.8958333333333334,0.9722222222222222,0.7777777777777778,0.5666666666666667,0.7168674698795181,0.21428571428571427,0.5625,0.5625,0.2504358175210655,0.2950064081232995,0.26761939795687795,0.2637517189141363,0.6793895262832704,0.2730230167352905,,,,,,27.05200000000002,32.77674000000955,29.33470000004769,7.0,6.0,6.0,4.0,0.6,159.0,5.0,0.0,164.0,0.9695121951219512,0.0,0.9695121951219512,0.05
124,0.9791666666666666,0.9166666666666666,0.9166666666666666,0.9444444444444444,0.7888888888888889,0.7469879518072289,0.8571428571428571,0.5625,0.5,0.2553778039291501,0.3156547779217362,0.3831954565830529,0.2780140243021064,0.319107616239966,0.4108051168421904,,,,,,,,,7.0,8.0,10.0,4.0,0.7142857142857143,139.0,1.0,0.0,140.0,0.9928571428571429,0.0,0.9928571428571429,0.2
125,0.9583333333333334,0.8541666666666666,0.8055555555555556,0.6666666666666666,0.6,0.8855421686746988,0.7142857142857143,0.59375,0.8125,0.265054386574775,0.2968629791866988,0.2618219945579767,0.26666189239670834,0.3060518538579345,0.2729747257195413,0.0,0.3,6.0,16.946428981428586,94.16071439428573,17.186800000192306,23.851339999961784,21.4560999999012,8.0,10.0,14.0,4.0,0.7777777777777778,158.0,5.0,1.0,164.0,0.9693251533742331,0.006060606060606061,0.963264547313627,0.45
126,0.8541666666666666,0.8125,0.6944444444444444,0.5833333333333334,0.4222222222222222,0.5843373493975904,0.35714285714285715,0.5625,0.375,0.2596586034633219,0.3181249559856951,0.29606497497297823,0.2821802937270453,0.32560602930406557,0.3088825007279714,,,,,,30.10859999990464,41.28844000005722,40.61610000038149,7.0,5.0,6.0,2.0,0.75,138.0,13.0,2.0,151.0,0.9139072847682119,0.013071895424836602,0.9008353893433754,0.2
127,0.7083333333333334,0.9583333333333334,0.8888888888888888,0.8333333333333334,0.6055555555555555,0.7228915662650602,0.35714285714285715,0.34375,0.5,0.2633649939671159,0.3096649050712585,0.2560267590451985,0.26482252002661594,0.31924798320978875,0.26164677751561,,,,,,28.664300000190735,35.45390000019073,34.503200000286085,6.0,7.0,8.0,4.0,0.6666666666666666,145.0,6.0,3.0,150.0,0.9602649006622517,0.0196078431372549,0.9406570575249967,0.05
128,0.9583333333333334,0.875,0.6944444444444444,0.8055555555555556,0.5944444444444444,0.7710843373493976,1.0,0.59375,0.625,0.24393748841248444,0.3249288739170879,0.23548883688636119,0.26004478771549955,0.32788349042336146,0.26855517183430494,,,,,,21.765199999809262,26.140700000000002,27.7235,8.0,9.0,13.0,3.0,0.8125,173.0,8.0,0.0,179.0,0.9558011049723757,0.0,0.9558011049723757,0.75
129,0.9375,0.8333333333333334,0.9166666666666666,0.6111111111111112,0.55,0.6325301204819277,0.5,0.75,0.84375,0.4794205399230122,0.3856526634190231,0.3367041314486414,0.49164956002014465,0.40002617976694765,0.35297360795084387,,,,,,28.115199999809278,36.4462,32.62450000000001,8.0,9.0,12.0,4.0,0.75,161.0,7.0,3.0,165.0,0.9583333333333334,0.017857142857142856,0.9404761904761905,0.05
130,0.8541666666666666,0.8541666666666666,0.7222222222222222,0.75,0.5,0.7891566265060241,0.8571428571428571,0.75,0.6875,0.31070819054730237,0.3331374172121286,0.2808860130608082,0.3133685806766152,0.3450725089019999,0.3137385657314083,,,,,,25.757100000381456,32.6815200000763,33.80750000000002,6.0,6.0,7.0,3.0,0.7,139.0,9.0,0.0,148.0,0.9391891891891891,0.0,0.9391891891891891,0.25
131,0.8333333333333334,0.7708333333333334,0.4722222222222222,0.4444444444444444,0.3333333333333333,0.5783132530120482,0.2857142857142857,0.53125,0.625,0.31360626919195056,0.3523181099444628,0.2670894740149379,0.3246252584892015,0.36684659525441626,0.2670672806600729,0.0,0.2,6.0,9.803571635714276,45.64285690571421,40.16740000009531,45.266359999942765,45.81130000019073,6.0,5.0,5.0,3.0,0.625,130.0,10.0,1.0,139.0,0.9285714285714286,0.007142857142857143,0.9214285714285715,0.1
132,1.0,0.8125,0.8611111111111112,0.6944444444444444,0.5777777777777777,0.7831325301204819,0.8571428571428571,0.65625,0.84375,0.22552088601514692,0.26189531758427614,0.1957680638879537,0.2471048394994189,0.26604826375842094,0.24002392901041145,,,,,,28.088599999904602,41.264820000076284,37.96010000038146,7.0,6.0,7.0,3.0,0.7,139.0,6.0,4.0,139.0,0.9586206896551724,0.027972027972027972,0.9306486616831444,0.45
133,0.9791666666666666,0.875,0.9722222222222222,0.7777777777777778,0.7111111111111111,0.8795180722891566,0.5714285714285714,0.71875,0.65625,0.2042507275473326,0.2423467049375176,0.2768144004512578,0.20447021868700777,0.26071851742121255,0.8996546982321888,0.0,0.1,6.0,7.857142607142948,50.08928566285711,20.441300000191404,34.258399999999526,23.543199999807257,7.0,7.0,8.0,4.0,0.6666666666666666,164.0,5.0,2.0,165.0,0.9704142011834319,0.011976047904191617,0.9584381532792403,0.45
134,0.9375,0.9166666666666666,0.8333333333333334,0.7777777777777778,0.6555555555555556,0.9036144578313253,0.5,0.625,0.5,0.20072571560740465,0.23850301047787065,0.1897515780292451,0.2065271763286243,0.24835968449090914,0.19055059004639238,0.0,0.1,6.0,19.517857287142977,77.99999996571418,20.599099999903956,25.121719999980634,22.630999999999403,7.0,8.0,10.0,4.0,0.7142857142857143,172.0,10.0,1.0,185.0,0.945054945054945,0.005376344086021506,0.9396786009689235,0.3
135,0.8958333333333334,0.6875,0.8333333333333334,0.5833333333333334,0.4777777777777778,0.5301204819277109,0.5714285714285714,0.5,0.6875,0.3309687653090805,0.3580793796572834,0.3185889241285622,0.5603783363476396,0.35969887998265526,0.3318605174776167,0.0,0.2,6.0,20.964285732857025,153.05357148857124,29.995600000382183,44.811660000133635,37.235300000189454,9.0,7.0,8.0,4.0,0.6666666666666666,154.0,1.0,2.0,155.0,0.9935483870967742,0.012738853503184714,0.9808095335935895,0.15
136,0.7916666666666666,0.7291666666666666,0.6388888888888888,0.4444444444444444,0.36666666666666664,0.6807228915662651,0.21428571428571427,0.625,0.625,0.3213622909970581,0.36828151112422347,0.24490422196686265,0.3476665024645626,0.38870847230178435,0.2810833495110273,0.0,0.1,6.0,43.91071448999996,135.69642853714296,33.849700000286134,67.84332000007632,43.27449999999999,5.0,8.0,9.0,5.0,0.6428571428571429,140.0,7.0,2.0,147.0,0.9523809523809523,0.013422818791946308,0.938958133589006,0.15
137,0.9583333333333334,0.875,0.9722222222222222,0.9166666666666666,0.7777777777777778,0.6987951807228916,0.35714285714285715,0.4375,0.84375,0.24570346646942196,0.26654138253070414,0.23382379696704444,0.2500596382965644,0.2839380110303561,0.24537557450433567,0.0,0.4,6.0,15.00000001857135,43.500000059999785,26.93989999961741,34.701259999752075,31.95349999999962,6.0,5.0,6.0,2.0,0.75,169.0,7.0,0.0,176.0,0.9602272727272727,0.0,0.9602272727272727,0.45
138,0.8541666666666666,0.7916666666666666,0.5277777777777778,0.4444444444444444,0.3277777777777778,0.4819277108433735,0.42857142857142855,0.5625,0.65625,0.3304054541513324,0.3445612322539091,0.32437881175428623,0.3117610735353082,0.35356618226173203,0.3447796824388206,,,,,,20.488000000001193,24.34769999990458,22.744299999711075,7.0,5.0,5.0,3.0,0.625,135.0,12.0,0.0,149.0,0.9183673469387755,0.0,0.9183673469387755,0.15
139,0.9791666666666666,0.8958333333333334,0.8611111111111112,0.8055555555555556,0.6777777777777778,0.7590361445783133,0.6428571428571429,0.75,0.65625,0.2043020904529839,0.2518565061036497,0.19434158061631018,0.22010154672898347,0.2566554497151325,0.20676851687021547,0.0,0.3,6.0,32.35714300142843,275.2142857285716,19.58740000009857,24.801399999999557,24.040000000000873,8.0,4.0,2.0,4.0,0.3333333333333333,145.0,6.0,4.0,149.0,0.9602649006622517,0.026143790849673203,0.9341211098125785,0.35
140,0.9791666666666666,0.8125,0.75,0.8055555555555556,0.49444444444444446,0.5180722891566265,0.35714285714285715,0.46875,0.53125,0.22933139861561355,0.37826570821926,0.30601171497255564,0.23679776773788036,0.6562295254220122,0.3513281976005861,0.2,0.4,6.0,30.482142890000002,134.80357148857146,29.034299999713767,46.57893999986627,33.36189999961789,7.0,6.0,6.0,4.0,0.6,144.0,6.0,1.0,145.0,0.96,0.00684931506849315,0.9531506849315068,0.15
141,0.8541666666666666,0.7916666666666666,0.8611111111111112,0.75,0.5444444444444444,0.6265060240963856,0.2857142857142857,0.5625,0.78125,0.2205378911457955,0.31859974586404854,0.2244006057735532,0.22564638503987722,0.3278756640230616,0.22499901079572737,,,,,,27.90509999990536,33.9727199999812,34.60829999971429,6.0,6.0,7.0,3.0,0.7,145.0,3.0,0.0,148.0,0.9797297297297297,0.0,0.9797297297297297,0.2
142,0.9375,0.9375,0.6666666666666666,0.6388888888888888,0.4388888888888889,0.6144578313253012,0.7142857142857143,0.40625,0.5625,0.35540911951102316,0.353922531940043,0.2806353992782533,0.3707775379686306,0.36017994192461,0.3123152516954751,,,,,,22.33440000009537,28.33524000005722,25.249300000190715,8.0,7.0,9.0,3.0,0.75,144.0,4.0,0.0,148.0,0.972972972972973,0.0,0.972972972972973,0.15
143,0.7708333333333334,0.5833333333333334,0.4722222222222222,0.5277777777777778,0.34444444444444444,0.5662650602409639,0.35714285714285715,0.5625,0.625,0.40506656700745225,0.4333529979921877,0.4534765549469739,0.4339304681246479,0.48191787947521164,0.4995343342423439,,,,,,37.570099999904414,47.03009999999995,46.40420000028462,5.0,4.0,2.0,4.0,0.3333333333333333,120.0,13.0,2.0,129.0,0.9022556390977443,0.015267175572519083,0.8869884635252252,0.15
144,0.9583333333333334,0.8541666666666666,0.9166666666666666,0.6666666666666666,0.5222222222222223,0.7650602409638554,0.6428571428571429,0.65625,0.75,0.3349577460903674,0.40363819547928864,0.3591156709007919,0.3347763359081,0.418856960736836,0.4157838991618362,,,,,,23.29140000009538,27.2774,25.517199999809264,7.0,6.0,7.0,3.0,0.7,135.0,10.0,1.0,142.0,0.9310344827586207,0.006993006993006993,0.9240414757656137,0.4
145,1.0,0.9375,0.9444444444444444,0.9444444444444444,0.6611111111111111,0.6746987951807228,0.6428571428571429,0.59375,0.6875,0.221028238767758,0.24002674152143294,0.235295592341572,0.22601877567358314,0.24554889791955548,0.25455121222573024,,,,,,23.65490000009595,32.12246000003834,36.46190000009483,7.0,7.0,8.0,4.0,0.6666666666666666,159.0,9.0,3.0,165.0,0.9464285714285714,0.017857142857142856,0.9285714285714285,0.05
146,1.0,0.8958333333333334,1.0,0.9166666666666666,0.7944444444444444,0.8253012048192772,0.5714285714285714,0.90625,0.46875,0.25337687064893544,0.26391540467739105,0.24719826318323607,0.26305407406762243,0.28016262281065185,0.2645235939572254,,,,,,21.80430000019075,28.73603999996186,24.962199999809258,8.0,7.0,9.0,3.0,0.75,150.0,10.0,2.0,158.0,0.9375,0.0125,0.925,0.4
147,0.8541666666666666,0.625,0.6944444444444444,0.4166666666666667,0.4166666666666667,0.5542168674698795,0.14285714285714285,0.6875,0.625,0.3061444847844541,0.3020580150187015,0.2485762643627822,0.37516276262186726,0.3089214406971787,0.2575531454499939,,,,,,26.956900000095374,35.064779999923715,28.37869999980927,6.0,8.0,11.0,3.0,0.7857142857142857,120.0,21.0,19.0,120.0,0.851063829787234,0.1366906474820144,0.7143731823052196,0.15
148,0.6041666666666666,0.8541666666666666,0.3888888888888889,0.8055555555555556,0.38333333333333336,0.8313253012048193,0.42857142857142855,0.53125,0.71875,0.3110679897945374,0.3456714684143662,0.3152252044528723,0.3073797025407354,0.3704349576340367,0.3449145471366743,,,,,,29.4677000002861,40.43933999996186,34.60659999990463,6.0,5.0,6.0,2.0,0.75,117.0,12.0,5.0,122.0,0.9069767441860465,0.03937007874015748,0.8676066654458889,0.15
149,0.7083333333333334,0.6875,0.75,0.5555555555555556,0.4722222222222222,0.608433734939759,0.35714285714285715,0.53125,0.5625,0.38646585028618574,0.3263911637477577,0.37246120977215463,0.39714888357557354,0.3471082131667384,0.3725482689061513,,,,,,19.157300000190844,27.04940000019069,27.589200000285928,8.0,8.0,9.0,5.0,0.6428571428571429,145.0,15.0,11.0,149.0,0.90625,0.06875,0.8375,0.2
150,0.7916666666666666,0.75,0.3611111111111111,0.25,0.2611111111111111,0.46987951807228917,0.42857142857142855,0.40625,0.625,0.4218349289149046,0.37142357090488076,0.3217166867107153,0.6321554523089836,0.40771191482365665,0.3646543469383485,,,,,,35.58539999961977,55.68821999979009,52.45159999990392,4.0,5.0,5.0,3.0,0.625,106.0,17.0,1.0,124.0,0.8617886178861789,0.008,0.8537886178861789,0.05
151,0.9791666666666666,0.8958333333333334,1.0,0.7222222222222222,0.6111111111111112,0.8192771084337349,0.6428571428571429,0.625,0.59375,0.2110332334414124,0.26349517959170043,0.21362141682766375,0.22883020128744339,0.2682549863588065,0.21269254366246362,0.0,0.2,6.0,12.910714398571441,195.41071434571424,27.22519999980925,31.358819999980927,31.268500000000017,7.0,7.0,8.0,4.0,0.6666666666666666,147.0,17.0,7.0,157.0,0.8963414634146342,0.042682926829268296,0.8536585365853658,0.65
152,0.9791666666666666,0.7083333333333334,0.7777777777777778,0.3888888888888889,0.4388888888888889,0.4759036144578313,0.21428571428571427,0.71875,0.65625,,0.34717607614584267,0.2913469881750643,,0.35699821915477514,0.30837190616875887,0.0,0.1,6.0,14.67857150999998,223.19642851142856,31.283999999999992,43.95758000001907,34.41570000028611,9.0,6.0,7.0,3.0,0.7,140.0,10.0,17.0,137.0,0.9333333333333333,0.11038961038961038,0.822943722943723,0.15
153,0.9791666666666666,0.8958333333333334,0.9722222222222222,0.75,0.7055555555555556,0.8674698795180723,0.8571428571428571,0.71875,0.65625,0.2680335899349302,0.2286927150562405,0.23703647148795426,0.27395844558874766,0.24013909214208345,0.2452862979999433,0.0,0.1,6.0,18.410714035714282,52.321428411428464,24.982500000000016,31.022500000095373,29.662800000190742,8.0,7.0,9.0,3.0,0.75,140.0,1.0,1.0,138.0,0.9929078014184397,0.007194244604316547,0.9857135568141232,0.6
154,0.9583333333333334,0.8125,0.9444444444444444,0.7222222222222222,0.6222222222222222,0.6927710843373494,0.7142857142857143,0.4375,0.6875,0.2474269822705537,0.2840383369475603,0.2245771624147892,0.2781603149604052,0.3207852561187384,0.257001828464369,0.0,0.5,6.0,18.125000047142787,94.73214274571437,22.922900000095368,31.63063999996185,28.285599999904633,7.0,8.0,10.0,4.0,0.7142857142857143,154.0,6.0,1.0,159.0,0.9625,0.00625,0.95625,0.6
155,1.0,0.7916666666666666,1.0,0.7777777777777778,0.6722222222222223,0.5843373493975904,0.6428571428571429,0.65625,0.71875,0.18712632288224995,0.24658906925469634,0.1892227882053703,0.19082650931862494,0.24984632069244977,0.19355010433743397,0.0,0.3,6.0,7.321428981428599,82.37500005999996,29.580099999904633,39.67741999988556,40.208699999809255,7.0,6.0,8.0,2.0,0.8,171.0,7.0,2.0,180.0,0.9606741573033708,0.01098901098901099,0.9496851463143599,0.65
156,0.8958333333333334,0.7291666666666666,0.8611111111111112,0.6388888888888888,0.4722222222222222,0.8132530120481928,0.7142857142857143,0.65625,0.53125,0.2501521450467407,0.3039509621448815,0.21108954050578177,0.25886402776914424,0.48373131927967605,0.23192556675833959,0.1,0.0,6.0,23.053571447142907,39.23214309428575,26.00590000009538,30.312139999961857,26.6905,7.0,8.0,12.0,2.0,0.8571428571428571,154.0,10.0,2.0,162.0,0.9390243902439024,0.012195121951219513,0.9268292682926829,0.1
157,1.0,0.8958333333333334,0.8611111111111112,0.8611111111111112,0.7055555555555556,0.5240963855421686,0.7142857142857143,0.53125,0.5,0.27930689533241093,0.26357085700146854,0.1901087220758199,0.2711206796978201,0.28035400149722894,0.24413993249743657,0.0,0.3,6.0,14.42857157285716,97.67857139428564,25.020800000190732,34.31268000011444,29.06259999990462,8.0,8.0,11.0,3.0,0.7857142857142857,144.0,8.0,3.0,149.0,0.9473684210526315,0.019736842105263157,0.9276315789473684,0.3
158,0.9791666666666666,0.9791666666666666,0.9722222222222222,0.7777777777777778,0.7666666666666667,0.8674698795180723,0.7142857142857143,0.71875,0.75,0.2062670569866895,0.2820834971498698,0.1799481231719255,0.21589720385769998,0.29617199717710413,0.20382453110069035,0.0,0.3,6.0,14.803571178571394,26.464285888571425,19.96490000009544,24.66743999996179,24.69250000000102,9.0,7.0,9.0,3.0,0.75,184.0,5.0,1.0,186.0,0.9735449735449735,0.0053475935828877,0.9681973799620858,0.95
159,0.9791666666666666,0.9166666666666666,0.9722222222222222,0.8333333333333334,0.8166666666666667,0.9397590361445783,1.0,0.78125,0.71875,0.19020418683066959,0.2344610274303704,0.155065176077187,0.18746256680848697,0.23776259381944928,0.16267509275148137,0.0,0.5,6.0,24.999999750000093,81.42857144285723,20.042499999999563,23.532680000018445,22.89709999990373,7.0,6.0,7.0,3.0,0.7,161.0,6.0,4.0,165.0,0.9640718562874252,0.023668639053254437,0.9404032172341708,0.1
160,0.8958333333333334,0.8541666666666666,0.8333333333333334,0.6111111111111112,0.4666666666666667,0.608433734939759,0.5714285714285714,0.5,0.5625,0.29897042899392545,0.4009154262021184,0.2771359500475228,0.3147357862908393,0.4408919372037053,0.2983236968485189,0.0,0.3,6.0,18.375000112857084,120.48214308000011,25.61590000009528,32.372759999943085,27.383499999999913,7.0,6.0,8.0,2.0,0.8,143.0,9.0,4.0,148.0,0.9407894736842105,0.02631578947368421,0.9144736842105263,0.15
161,1.0,0.8958333333333334,1.0,0.8888888888888888,0.8444444444444444,0.8433734939759037,0.5714285714285714,0.78125,0.6875,0.2198473780881613,0.2814901261590421,0.20136380288749928,0.22054245836722347,0.3182631475240763,0.20865680258721106,0.0,0.1,6.0,23.892856892857218,39.428571445714276,20.35289999961853,26.43451999988556,26.673999999999992,8.0,7.0,10.0,2.0,0.8333333333333334,187.0,5.0,0.0,192.0,0.9739583333333334,0.0,0.9739583333333334,0.25
162,1.0,0.9791666666666666,0.8611111111111112,0.9166666666666666,0.7222222222222222,0.9337349397590361,0.7857142857142857,0.78125,0.6875,0.1846231208182871,0.2331661530770361,0.1802675281651318,0.18771898056027186,0.23042655132454015,0.21353526556243493,0.0,0.4,6.0,16.035714035714307,113.33928567999996,20.945200000287514,26.629320000076042,25.699199999808116,8.0,7.0,10.0,2.0,0.8333333333333334,178.0,4.0,0.0,186.0,0.978021978021978,0.0,0.978021978021978,0.6
163,0.75,0.5416666666666666,0.4166666666666667,0.3333333333333333,0.2388888888888889,0.5301204819277109,0.35714285714285715,0.46875,0.59375,0.22962653893046076,0.26599067472852767,0.1940858992747962,0.24614104003024592,0.30160634937839437,0.21136159947591604,0.0,0.1,6.0,36.374999875714245,110.49999994857144,18.555199999809275,27.005519999885564,28.153099999904637,5.0,7.0,8.0,4.0,0.6666666666666666,125.0,48.0,56.0,123.0,0.7225433526011561,0.3128491620111732,0.4096941905899829,0.05
164,0.9791666666666666,0.75,1.0,0.75,0.6277777777777778,0.8192771084337349,0.5,0.5625,0.65625,0.231489491648972,0.2428007882554084,0.2026596351061016,0.2481382241472602,0.2504414268104093,0.21172176313896968,0.0,0.3,6.0,31.089285681428628,112.10714283999991,26.730599999904626,37.40339999999999,31.31530000019073,6.0,6.0,8.0,2.0,0.8,139.0,9.0,2.0,146.0,0.9391891891891891,0.013513513513513514,0.9256756756756757,0.3
165,0.9166666666666666,0.9166666666666666,0.8611111111111112,0.6388888888888888,0.6277777777777778,0.4939759036144578,0.5714285714285714,0.65625,0.46875,0.224574695341289,0.23002444650046525,0.17104533617384726,0.26042239107833853,0.2389003299331913,0.17914731015140808,0.0,0.5,6.0,17.73214287571414,214.64285698285713,19.159900000095348,24.090700000095364,22.7167999997139,7.0,6.0,7.0,3.0,0.7,172.0,4.0,3.0,173.0,0.9772727272727273,0.017045454545454544,0.9602272727272727,0.05
166,0.9583333333333334,0.8125,0.9166666666666666,0.6944444444444444,0.6166666666666667,0.8313253012048193,0.5714285714285714,0.71875,0.625,0.2938651165459305,0.3303599883802235,0.23436836921609935,0.2985179240970562,0.36211432188948883,0.28957985936043157,0.0,0.4,6.0,20.571428321428776,214.87499994857131,21.56859999990465,26.86951999998093,26.326900000095364,7.0,6.0,5.0,5.0,0.5,162.0,6.0,2.0,166.0,0.9642857142857143,0.011904761904761904,0.9523809523809524,0.35
167,1.0,0.9166666666666666,0.9722222222222222,0.8333333333333334,0.8,0.891566265060241,0.9285714285714286,0.96875,0.84375,0.20434730569832024,0.2215548425447195,0.1880454840138554,0.2010384072860082,0.2246188884445776,0.2039990441097567,0.0,0.2,6.0,25.51785727000009,42.85714280571416,19.30229999971388,30.191979999923706,28.416400000095365,7.0,7.0,10.0,2.0,0.8333333333333334,164.0,3.0,2.0,167.0,0.9820359281437125,0.011834319526627219,0.9702016086170854,0.4
168,0.9583333333333334,0.9166666666666666,0.75,0.8055555555555556,0.6555555555555556,0.7108433734939759,0.7857142857142857,0.84375,0.65625,0.21082674316130573,0.2718717542011291,0.19714987697079775,0.23563670205573242,0.31847319155931475,0.24403622313402593,0.0,0.1,6.0,19.392857238571473,41.7500000799999,15.18340000009536,19.983200000095373,20.12819999980927,8.0,6.0,7.0,3.0,0.7,169.0,10.0,1.0,180.0,0.9441340782122905,0.0055248618784530384,0.9386092163338374,0.15
169,0.8125,0.7708333333333334,0.7222222222222222,0.6944444444444444,0.4444444444444444,0.5903614457831325,0.2857142857142857,0.59375,0.5625,0.2469229879789054,0.3175810943357646,0.2577752862125635,0.2550071619830473,0.5405462294142565,0.4789073623854805,0.1,0.2,6.0,21.053571304285615,68.89285699714273,23.622299999715324,33.89458000001942,30.432900000096197,7.0,6.0,7.0,3.0,0.7,135.0,14.0,1.0,146.0,0.9060402684563759,0.006802721088435374,0.8992375473679405,0.35
170,0.9583333333333334,0.9375,0.8055555555555556,0.75,0.5944444444444444,0.5843373493975904,0.8571428571428571,0.8125,0.6875,0.21395437791943545,0.3012155690230429,0.19428764190524817,0.22480576805149516,0.3011737779778396,0.2120016952510923,,,,,,23.929599999904895,26.75205999994323,25.91840000009688,7.0,10.0,13.0,5.0,0.7222222222222222,139.0,5.0,1.0,143.0,0.9652777777777778,0.006944444444444444,0.9583333333333334,0.3
171,0.9583333333333334,0.9166666666666666,0.9444444444444444,0.8055555555555556,0.65,0.7228915662650602,0.9285714285714286,0.6875,0.875,0.2428932648617774,0.3014392629265785,0.20800341642461712,0.2555327869951725,0.30873140748911376,0.2260862454616775,0.0,0.2,6.0,14.803571412857025,140.7321427457143,19.796099999904982,27.43730000009564,26.359700000286466,7.0,9.0,11.0,5.0,0.6875,137.0,2.0,0.0,141.0,0.9856115107913669,0.0,0.9856115107913669,0.4
172,0.9375,0.6041666666666666,0.8333333333333334,0.5833333333333334,0.4888888888888889,0.6506024096385542,0.7857142857142857,0.625,0.375,0.19892743555828926,0.2397342598997056,0.22031291830353436,0.21414527379286785,0.2479874284070884,0.25860543131517866,0.0,0.1,6.0,23.982143001428536,60.17857131714288,27.346000000000004,44.97788000011443,51.1132000002861,7.0,6.0,8.0,2.0,0.8,143.0,8.0,4.0,149.0,0.9470198675496688,0.026143790849673203,0.9208760766999956,0.1
173,0.9375,0.8333333333333334,0.75,0.75,0.5277777777777778,0.8253012048192772,0.14285714285714285,0.5625,0.53125,0.2314323531463742,0.2259473938029259,0.30112493550404906,0.2386032881680876,0.23982043210417026,0.31274917647242545,0.1,0.2,6.0,27.589285841428495,51.124999997142844,22.951699999808625,29.546799999999347,26.896400000096037,7.0,5.0,5.0,3.0,0.625,173.0,9.0,7.0,179.0,0.9505494505494505,0.03763440860215054,0.9129150419473,0.1
174,0.9583333333333334,0.8333333333333334,0.8888888888888888,0.4722222222222222,0.48333333333333334,0.4759036144578313,0.35714285714285715,0.71875,0.75,0.258486260427162,0.32992944843135774,0.23723024199716747,0.314409969219317,0.38208796462665,0.2685494861632053,0.0,0.5,6.0,29.267856875714493,165.67857139428565,24.934300000190746,33.54316000013352,29.110500000000002,6.0,4.0,4.0,2.0,0.6666666666666666,159.0,16.0,2.0,175.0,0.9085714285714286,0.011299435028248588,0.89727199354318,0.15
175,0.875,0.5833333333333334,0.3888888888888889,0.4444444444444444,0.2722222222222222,0.5542168674698795,0.5,0.625,0.5625,0.32490237173624337,0.3421085965819657,0.3394447367172688,0.3820931013673544,0.36506603631811835,0.34751228874859713,0.0,0.2,6.0,24.071428475714374,143.23214287142872,24.698199999809276,31.87983999996185,32.78230000019074,8.0,7.0,9.0,3.0,0.75,117.0,16.0,10.0,121.0,0.8796992481203008,0.07633587786259542,0.8033633702577053,0.15
176,0.875,0.8541666666666666,0.7222222222222222,0.75,0.5055555555555555,0.5843373493975904,0.35714285714285715,0.46875,0.71875,0.2718117740005255,0.3829380390234291,0.2938034925609827,0.30381581134473284,0.40007362710633154,0.3616067144554108,0.0,0.3,6.0,19.857142555714244,63.73214274571435,21.993300000190743,31.052999999999997,28.663099999904617,8.0,7.0,9.0,3.0,0.75,166.0,8.0,7.0,171.0,0.9540229885057471,0.03932584269662921,0.9146971458091179,0.6
177,0.875,0.8958333333333334,0.8333333333333334,0.8055555555555556,0.5888888888888889,0.7469879518072289,0.6428571428571429,0.625,0.75,0.17274977453052995,0.2952929059974849,0.3148478372022509,0.2121071477886289,0.3316158329875305,0.3730985253631811,0.0,0.2,6.0,65.35714277857127,75.85714282285728,25.32229999971389,34.00991999988556,35.139900000095366,8.0,8.0,12.0,2.0,0.8571428571428571,135.0,12.0,0.0,149.0,0.9183673469387755,0.0,0.9183673469387755,0.2
178,0.9791666666666666,0.8958333333333334,0.9444444444444444,0.75,0.6277777777777778,0.5783132530120482,0.2857142857142857,0.59375,0.59375,0.3819161700084805,0.3668811088427901,0.3833410465158522,0.38898252072776185,0.3851023258255987,0.41313887406140565,0.0,0.4,6.0,45.53571441285711,187.51785703142846,23.669900000095367,36.61923999996185,34.71840000009536,7.0,5.0,6.0,2.0,0.75,168.0,7.0,1.0,176.0,0.96,0.005649717514124294,0.9543502824858757,0.05
179,0.9583333333333334,0.9791666666666666,0.8611111111111112,0.8611111111111112,0.6166666666666667,0.7228915662650602,0.2857142857142857,0.59375,0.71875,0.2908167187124491,0.2882200772874057,0.2511764576192945,0.29639220138176764,0.30062964178043705,0.2817245679907501,0.0,0.2,6.0,15.999999750000061,65.87500006000009,18.204000000000008,24.626380000019076,22.135400000095373,7.0,8.0,11.0,3.0,0.7857142857142857,161.0,18.0,8.0,173.0,0.8994413407821229,0.04419889502762431,0.8552424457544986,0.3
180,1.0,0.9583333333333334,0.9722222222222222,0.8333333333333334,0.6555555555555556,0.8373493975903614,0.75,0.71875,0.71875,0.23608431313186878,0.231367290019989,0.16335034510120744,0.25072595162006717,0.24375734253165623,0.20624986183829602,0.0,0.5,6.0,14.964285715714357,162.24999988857147,24.593400000094334,30.540199999904143,28.60689999961869,7.0,8.0,9.0,5.0,0.6428571428571429,148.0,4.0,0.0,152.0,0.9736842105263158,0.0,0.9736842105263158,0.3
181,0.9791666666666666,0.8125,0.7777777777777778,0.8333333333333334,0.6,0.7771084337349398,0.42857142857142855,0.71875,0.625,0.2223231322132051,0.2976896215695888,0.2200798029080033,0.250611452680702,0.33079154641434017,0.23214913614030025,0.0,0.1,6.0,8.178571127142858,84.2142858428572,35.347900000095365,43.53058000011445,42.16040000009536,7.0,5.0,5.0,3.0,0.625,128.0,10.0,1.0,141.0,0.927536231884058,0.007042253521126761,0.9204939783629312,0.2
182,0.9375,0.7708333333333334,0.5555555555555556,0.5277777777777778,0.4,0.4879518072289157,0.21428571428571427,0.46875,0.46875,0.30284222797490656,0.31257683550938964,0.27018236042931676,0.3194931094224254,0.32649602624587715,0.29391340174091357,0.0,0.1,6.0,45.26785693857135,151.30357131714274,25.196500000000015,29.927480000019024,27.984599999905186,5.0,5.0,5.0,3.0,0.625,133.0,32.0,10.0,153.0,0.806060606060606,0.06134969325153374,0.7447109128090723,0.25
183,0.9375,0.7291666666666666,0.8055555555555556,0.5555555555555556,0.48333333333333334,0.463855421686747,0.5,0.71875,0.65625,0.28415235644206405,0.34562248340807855,0.22388092800974846,0.30965809244662523,0.3529822616338996,0.2418215496620784,0.0,0.1,6.0,20.017856938571345,93.46428582571431,28.863800000191077,36.446919999981034,38.79740000009588,7.0,6.0,5.0,5.0,0.5,147.0,17.0,6.0,158.0,0.8963414634146342,0.036585365853658534,0.8597560975609756,0.15
184,0.9166666666666666,0.9583333333333334,0.7777777777777778,0.75,0.5666666666666667,0.6686746987951807,0.7857142857142857,0.65625,0.5,0.21025223471224305,0.2821211735717952,0.23435131995938713,0.23003749886217215,0.3076787181353817,0.258703563719367,,,,,,23.39490000009536,28.67853999996185,25.755199999809264,8.0,8.0,9.0,5.0,0.6428571428571429,155.0,5.0,1.0,159.0,0.96875,0.00625,0.9625,0.25
185,0.8333333333333334,0.8958333333333334,0.9166666666666666,0.6666666666666666,0.5222222222222223,0.5060240963855421,0.35714285714285715,0.71875,0.53125,0.2938365330919623,0.29553533950820565,0.24984084069728846,0.307012022457396,0.30656845167589686,0.2560226456883053,,,,,,24.866599999904622,39.50548000001907,35.01409999990463,7.0,6.0,8.0,2.0,0.8,126.0,22.0,0.0,148.0,0.8513513513513513,0.0,0.8513513513513513,0.4
186,0.9375,0.8958333333333334,0.8333333333333334,0.7222222222222222,0.6388888888888888,0.7228915662650602,0.35714285714285715,0.5625,0.5,0.2218973636627197,0.262112314812839,0.22687365044839675,0.23534070434980095,0.27963196747004987,0.24581396006979045,0.0,0.1,6.0,30.571428698571417,63.392856997142864,29.063199999809257,36.85931999988556,32.25180000019074,5.0,5.0,4.0,4.0,0.5,143.0,6.0,0.0,147.0,0.959731543624161,0.0,0.959731543624161,0.25
187,,,,,,,,,,,,,,,,,,,,,17.29409999990463,19.792560000038147,18.56309999990465,8.0,11.0,16.0,4.0,0.8,172.0,3.0,3.0,174.0,0.9828571428571429,0.01694915254237288,0.96590799031477,
188,,,,,,,,,,,,,,,,,,,,,25.926999999999992,38.37070000009536,33.830200000286084,7.0,7.0,8.0,4.0,0.6666666666666666,139.0,3.0,0.0,146.0,0.9788732394366197,0.0,0.9788732394366197,
189,,,,,,,,,,,,,,,,,,,,,15.193599999904649,21.907279999923716,20.670700000286104,8.0,7.0,10.0,2.0,0.8333333333333334,180.0,2.0,1.0,185.0,0.989010989010989,0.005376344086021506,0.9836346449249675,
190,,,,,,,,,,,,,,,,,,,,,23.214500000000044,30.893720000076065,29.913799999712865,5.0,6.0,7.0,3.0,0.7,160.0,5.0,1.0,162.0,0.9696969696969697,0.006134969325153374,0.9635620003718164,
191,,,,,,,,,,,,,,,,,,,,,,,,,,,,,,,,,,,,
192,,,,,,,,,,,,,,,,,,,,,,,,,,,,,,,,,,,,
193,,,,,,,,,,,,,,,,,,,,,,,,,,,,,,,,,,,,
194,,,,,,,,,,,,,,,,,,,,,,,,,,,,,,,,,,,,
195,,,,,,,,,,,,,,,,,,,,,,,,,,,,,,,,,,,,
196,,,,,,,,,,,,,,,,,,,,,,,,,,,,,,,,,,,,
197,,,,,,,,,,,,,,,,,,,,,,,,,,,,,,,,,,,,
198,,,,,,,,,,,,,,,,,,,,,,,,,,,,,,,,,,,,
199,,,,,,,,,,,,,,,,,,,,,,,,,,,,,,,,,,,,
