filePaths,practFiles,StimulusCode,stim1,stim2,stim3,stim4,stim5,stim1Start,stim1End,stim2Start,stim2End,stim3Start,stim3End,stim4Start,stim4End,stim5Start,stim5End,audFile,audStart,similCat,rhythm_i2,stim1_i2,stim2_i2,stim3_i2,stim4_i2,stim5_i2,stim1Start_i2,stim1End_i2,stim2Start_i2,stim2End_i2,stim3Start_i2,stim3End_i2,stim4Start_i2,stim4End_i2,stim5Start_i2,stim5End_i2,audFile_i2,audStart_i2,similCatp,setVol,corrMatchAnswer,whatCondIs,trialTypeName,rhythm,stim6,stim6Start,stim6End,stim6_i2,stim6Start_i2,stim6End_i2,similCat_i2,condFilePath,sensoryCond,stimStart,overarchingRhythmOrder.thisRepN,overarchingRhythmOrder.thisTrialN,overarchingRhythmOrder.thisN,overarchingRhythmOrder.thisIndex,rhythmPractTrials.thisRepN,rhythmPractTrials.thisTrialN,rhythmPractTrials.thisN,rhythmPractTrials.thisIndex,AudVisRhythmLoop.thisRepN,AudVisRhythmLoop.thisTrialN,AudVisRhythmLoop.thisN,AudVisRhythmLoop.thisIndex,pickingSRTCond.thisRepN,pickingSRTCond.thisTrialN,pickingSRTCond.thisN,pickingSRTCond.thisIndex,srtTrials.thisRepN,srtTrials.thisTrialN,srtTrials.thisN,srtTrials.thisIndex,text_3.started,text_3.stopped,goToNext.keys,goToNext.rt,goToNext.started,goToNext.stopped,variableInstructions_2.started,variableInstructions_2.stopped,goToBlockKey_2.keys,goToBlockKey_2.rt,goToBlockKey_2.started,goToBlockKey_2.stopped,text_9.started,text_9.stopped,preFix_2.started,preFix_2.stopped,text_10.started,text_10.stopped,text_11.started,text_11.stopped,holdFix_2.started,holdFix_2.stopped,cir1_2.started,cir1_2.stopped,cir2_2.started,cir2_2.stopped,cir3_2.started,cir3_2.stopped,cir4_2.started,cir4_2.stopped,cir5_2.started,cir5_2.stopped,audioTrialSound_2.started,audioTrialSound_2.stopped,text.started,text.stopped,holdFix_i2_2.started,holdFix_i2_2.stopped,cir1_i2_2.started,cir1_i2_2.stopped,cir2_i2_2.started,cir2_i2_2.stopped,cir3_i2_2.started,cir3_i2_2.stopped,cir4_i2_2.started,cir4_i2_2.stopped,cir5_i2_2.started,cir5_i2_2.stopped,audioTrialSound_i2_2.started,audioTrialSound_i2_2.stopped,rhythmChoice.keys,rhythmChoice.rt,rhythmChoice.started,rhythmChoice.stopped,promptTxt.started,promptTxt.stopped,text_5.started,text_5.stopped,variableInstructions.started,variableInstructions.stopped,goToBlockKey.keys,goToBlockKey.rt,goToBlockKey.started,goToBlockKey.stopped,text_2.started,text_2.stopped,preFix.started,preFix.stopped,holdFix.started,holdFix.stopped,cir1.started,cir1.stopped,cir2.started,cir2.stopped,cir3.started,cir3.stopped,cir4.started,cir4.stopped,cir5.started,cir5.stopped,cir6.started,cir6.stopped,audioTrialSound.started,audioTrialSound.stopped,holdFix_i2.started,holdFix_i2.stopped,cir1_i2.started,cir1_i2.stopped,cir2_i2.started,cir2_i2.stopped,cir3_i2.started,cir3_i2.stopped,cir4_i2.started,cir4_i2.stopped,cir5_i2.started,cir5_i2.stopped,cir6_i2.started,cir6_i2.stopped,audioTrialSound_i2.started,audioTrialSound_i2.stopped,breatheBro.started,breatheBro.stopped,image.started,image.stopped,keyToGo.keys,keyToGo.rt,keyToGo.started,keyToGo.stopped,spaceTxt.started,spaceTxt.stopped,mainInstrText.started,mainInstrText.stopped,MoveToMainTask.keys,MoveToMainTask.rt,MoveToMainTask.started,MoveToMainTask.stopped,whichBlkTxt.started,whichBlkTxt.stopped,LetsGoGirls.keys,LetsGoGirls.rt,LetsGoGirls.started,LetsGoGirls.stopped,fixCross.started,fixCross.stopped,gratingStim.started,gratingStim.stopped,beepStim.started,beepStim.stopped,yesHitIt.keys,yesHitIt.started,yesHitIt.stopped,catchEarly.keys,catchEarly.started,catchEarly.stopped,text_4.started,text_4.stopped,feedbackIfNeeded.started,feedbackIfNeeded.stopped,annoyingBeep.started,annoyingBeep.stopped,yesHitIt.rt,participant,session,date,expName,psychopyVersion,frameRate,
,,,,,,,,,,,,,,,,,,,,,,,,,,,,,,,,,,,,,,,,,,,,,,,,,,,,,,,,,,,,,,,,,,,,,,,,,,,13.30666649597697,None,space,2.22441768203862,13.496926117921248,None,,,,,,,,,,,,,,,,,,,,,,,,,,,,,,,,,,,,,,,,,,,,,,,,,,,,,,,,,,,,,,,,,,,,,,,,,,,,,,,,,,,,,,,,,,,,,,,,,,,,,,,,,,,,,,,,,,,,,,,,,,,,,,,,,,,,,,,,104,1,2023_May_23_1656,Cognition2_FullCode1,2021.2.3,100.02403892887921,
/Users/shamslab/Desktop/Cognition2_FullExperimentFile/104_VisualBlock1.csv,/Users/shamslab/Desktop/Cognition2_FullExperimentFile/fullGoodSeqs_rhythm_shortVis_PracticeVideo.csv,P1,2,1,2,1,1,11,41,56,61,76,106,121,126,141,146,1_practAudFile.wav,1,pc1,P1,2,1,2,1,1,11,41,56,61,76,106,121,126,141,146,1_practAudFile.wav,1,pc1,0,1,SAME,SAME,,,,,,,,,,,,0,0,0,0,0,0,0,0,,,,,,,,,,,,,,,,,,,15.85749622201547,None,space,1.1958096360322088,15.957545124925673,None,21.278938020812348,None,21.47912629484199,None,17.27778052096255,21.278938020812348,17.27778052096255,21.278938020812348,22.479290348012,None,22.589476519962773,22.88955515692942,23.03958952683024,23.089440458919853,23.239536884007975,23.55971910781227,23.70964629901573,23.759654838824645,23.909769288031384,23.95964268501848,22.48932956722565,None,24.359852886991575,None,25.670237535843626,None,25.78026967891492,26.080306218005717,26.230397696839646,26.280340381897986,26.430538666900247,26.730492668924853,26.88072625384666,26.930520612979308,27.080625577829778,27.130628573941067,25.680276755057275,None,1,1.5864044879563153,28.03094781190157,None,28.03094781190157,None,29.731457277899608,None,,,,,,,,,,,,,,,,,,,,,,,,,,,,,,,,,,,,,,,,,,,,,,,,,,,,,,,,,,,,,,,,,,,,,,,,,,,,,,,,,,,,104,1,2023_May_23_1656,Cognition2_FullCode1,2021.2.3,100.02403892887921,
/Users/shamslab/Desktop/Cognition2_FullExperimentFile/104_VisualBlock1.csv,/Users/shamslab/Desktop/Cognition2_FullExperimentFile/fullGoodSeqs_rhythm_shortVis_PracticeVideo.csv,P2,2,1,1,2,1,11,41,56,61,76,81,96,126,141,146,2_practAudFile.wav,1,pc1,P1,2,1,2,1,1,11,41,56,61,76,106,121,126,141,146,1_practAudFile.wav,1,pc1,0,2,DIFFERENT,DIFFERENT,,,,,,,,,,,,0,0,0,0,0,1,1,1,,,,,,,,,,,,,,,,,,,,,,,,,35.33300557290204,None,35.533015361987054,None,31.331902463920414,35.33300557290204,31.331902463920414,35.33300557290204,36.543353960849345,None,36.65338603593409,36.95333465281874,37.10348151391372,37.15338860382326,37.30359971290454,37.35359671199694,37.50373571482487,37.80365453497507,37.95389506383799,38.003841179888695,36.553393180063,None,38.403934029862285,None,39.714211044833064,None,39.82416308904067,40.12437623483129,40.2743300430011,40.32439337298274,40.474476982839406,40.774619618896395,40.92466878797859,40.97465909202583,41.12473151786253,41.17456097994,39.72425026404672,None,2,0.926393480040133,42.07492839102633,None,42.07492839102633,None,43.10527119203471,None,,,,,,,,,,,,,,,,,,,,,,,,,,,,,,,,,,,,,,,,,,,,,,,,,,,,,,,,,,,,,,,,,,,,,,,,,,,,,,,,,,,,104,1,2023_May_23_1656,Cognition2_FullCode1,2021.2.3,100.02403892887921,
/Users/shamslab/Desktop/Cognition2_FullExperimentFile/104_VisualBlock1.csv,/Users/shamslab/Desktop/Cognition2_FullExperimentFile/fullGoodSeqs_rhythm_shortVis_PracticeVideo.csv,P3,1,2,1,2,1,11,16,31,61,76,81,96,126,141,146,3_practAudFile.wav,1,pc2,P3,1,2,1,2,1,11,16,31,61,76,81,96,126,141,146,3_practAudFile.wav,1,pc2,0,1,SAME,SAME,,,,,,,,,,,,0,0,0,0,0,2,2,2,,,,,,,,,,,,,,,,,,,,,,,,,48.696693925885484,None,48.89688257290982,None,44.695634983014315,48.696693925885484,44.695634983014315,48.696693925885484,49.90717769600451,None,50.0172156158369,50.0671980609186,50.21717593586072,50.51728153787553,50.667342064902186,50.71733543695882,50.86751832184382,51.16737532499246,51.317711835959926,51.36746984790079,49.91721691521816,None,51.76762393582612,None,53.068291131872684,None,53.17817156086676,53.228055716026574,53.378175146877766,53.67820422886871,53.82833089586347,53.87821478699334,54.02835711603984,54.328418685821816,54.47841911087744,54.52855835901573,53.078330351086336,None,1,1.8205108020920306,55.42882818588987,None,55.42882818588987,None,57.35924235591665,None,,,,,,,,,,,,,,,,,,,,,,,,,,,,,,,,,,,,,,,,,,,,,,,,,,,,,,,,,,,,,,,,,,,,,,,,,,,,,,,,,,,,104,1,2023_May_23_1656,Cognition2_FullCode1,2021.2.3,100.02403892887921,
/Users/shamslab/Desktop/Cognition2_FullExperimentFile/104_VisualBlock1.csv,/Users/shamslab/Desktop/Cognition2_FullExperimentFile/fullGoodSeqs_rhythm_shortVis_PracticeVideo.csv,P3,1,2,1,2,1,11,16,31,61,76,81,96,126,141,146,3_practAudFile.wav,1,pc2,P4,1,2,1,1,2,11,16,31,61,76,81,96,101,116,146,4_practAudFile.wav,1,pc2,0,2,DIFFERENT,DIFFERENT,,,,,,,,,,,,0,0,0,0,0,3,3,3,,,,,,,,,,,,,,,,,,,,,,,,,62.95081027597189,None,63.150908367941156,None,58.94985664286651,62.95081027597189,58.94985664286651,62.95081027597189,64.1612965548411,None,64.27115896693431,64.32129792892374,64.47132758703083,64.77144767600112,64.92134218290448,64.9714832638856,65.12164424103685,65.42146704089828,65.57165902084671,65.62160731502809,64.17133577405475,None,66.02177014690824,None,67.32253303797916,None,67.4321200340055,67.4821158729028,67.6320980140008,67.93228238099255,68.08227466396056,68.13232904789038,68.28242357703857,68.3324756429065,68.4825141329784,68.78267976688221,67.33257225719281,None,2,2.1344302678480744,69.6829249470029,None,69.6829249470029,None,71.92339449399151,None,,,,,,,,,,,,,,,,,,,,,,,,,,,,,,,,,,,,,,,,,,,,,,,,,,,,,,,,,,,,,,,,,,,,,,,,,,,,,,,,,,,,104,1,2023_May_23_1656,Cognition2_FullCode1,2021.2.3,100.02403892887921,
/Users/shamslab/Desktop/Cognition2_FullExperimentFile/104_VisualBlock1.csv,/Users/shamslab/Desktop/Cognition2_FullExperimentFile/fullGoodSeqs_rhythm_shortVis_PracticeVideo.csv,,2,1,1,2,2,11,41,53,58,70,75,87,117,129,159,3_audFile.wav,10,6,21,2,1,1,2,2,11,41,53,58,70,75,87,117,129,159,3_audFile.wav,10,,0,1,,,21,1,171,176,1,171,176,6,,,,0,0,0,0,,,,,0,0,0,5,,,,,,,,,,,,,,,,,,,,,,,,,,,,,,,,,,,,,,,,,,,79.22542386990972,None,,,,,,,,,,,,,,,1,2.8327630781568587,82.89657710003667,None,82.89657710003667,None,,,73.53392954985611,None,space,2.4952949348371476,73.63405197602697,None,76.18461635103449,None,76.36481516901404,None,77.36499642091803,None,77.47515168995596,77.77497571893036,77.89517533802427,77.94506796798669,78.06542973895557,78.115144131938,78.23522308492102,78.53533235797659,78.65527733485214,78.95542670786381,79.07549632387236,79.12543095182627,77.4650838631671,None,80.53585390094668,None,80.6460266308859,80.94601306389086,81.06604514294304,81.116046926938,81.23609081003815,81.2861337098293,81.40610688901506,81.7062051310204,81.82624723296613,82.12625778396614,82.24645034782588,82.29647908895276,80.63599335220643,None,,,,,,,,,,,,,,,,,,,,,,,,,,,,,,,,,,,,,,,,,,104,1,2023_May_23_1656,Cognition2_FullCode1,2021.2.3,100.02403892887921,
/Users/shamslab/Desktop/Cognition2_FullExperimentFile/104_VisualBlock1.csv,/Users/shamslab/Desktop/Cognition2_FullExperimentFile/fullGoodSeqs_rhythm_shortVis_PracticeVideo.csv,,1,2,2,1,1,11,16,28,58,70,100,112,117,129,134,3_audFile.wav,10,5,24,1,2,2,1,1,11,16,28,58,70,100,112,117,129,134,3_audFile.wav,10,,0,1,,,24,2,146,176,2,146,176,5,,,,0,0,0,0,,,,,0,1,1,21,,,,,,,,,,,,,,,,,,,,,,,,,,,,,,,,,,,,,,,,,,,88.8283401678782,None,,,,,,,,,,,,,,,1,2.0939657089766115,92.49937962600961,None,92.49937962600961,None,,,,,,,,,85.75723818293773,None,85.9374921398703,86.93764451495372,86.96774394181557,None,87.07784231891856,87.12779824901372,87.24769682483748,87.54792171996087,87.66799291083589,87.96797730983235,88.08798751188442,88.1380059318617,88.2582113048993,88.3080562078394,88.42809696588665,88.72829399188049,87.06776568810456,None,90.1386188508477,None,90.24862402700819,90.29870753991418,90.41875396389514,90.71875372994691,90.83876377390698,91.13881708797999,91.2590458500199,91.30887837591581,91.42908321903087,91.47907375497743,91.59908203082159,91.89906622096896,90.23873214917258,None,,,,,,,,,,,,,,,,,,,,,,,,,,,,,,,,,,,,,,,,,,104,1,2023_May_23_1656,Cognition2_FullCode1,2021.2.3,100.02403892887921,
/Users/shamslab/Desktop/Cognition2_FullExperimentFile/104_VisualBlock1.csv,/Users/shamslab/Desktop/Cognition2_FullExperimentFile/fullGoodSeqs_rhythm_shortVis_PracticeVideo.csv,,1,2,1,2,2,11,16,28,58,70,75,87,117,129,159,3_audFile.wav,10,5,22,1,2,1,2,2,11,16,28,58,70,75,87,117,129,159,3_audFile.wav,10,,0,1,,,22,1,171,176,1,171,176,5,,,,0,0,0,0,,,,,0,2,2,18,,,,,,,,,,,,,,,,,,,,,,,,,,,,,,,,,,,,,,,,,,,97.69091506185941,None,,,,,,,,,,,,,,,1,2.383453381014988,101.36197060788982,None,101.36197060788982,None,,,,,,,,,94.61993802781217,None,94.80009944783524,95.80025267391466,95.83037366485223,None,95.94029328296892,95.9901518470142,96.11041372292675,96.41045251395553,96.5305750449188,96.58036447293125,96.70056790485978,97.00063259690069,97.1207153648138,97.42071603797376,97.54087658599019,97.59073586482555,95.93026954219677,None,99.00118663301691,None,99.11128012393601,99.16130472184159,99.28129286784679,99.5812885989435,99.70129732787609,99.75149073801003,99.87153415591456,100.17143224691972,100.29161007283255,100.59151430381462,100.7117214128375,100.76164308795705,99.10117080113851,None,,,,,,,,,,,,,,,,,,,,,,,,,,,,,,,,,,,,,,,,,,104,1,2023_May_23_1656,Cognition2_FullCode1,2021.2.3,100.02403892887921,
/Users/shamslab/Desktop/Cognition2_FullExperimentFile/104_VisualBlock1.csv,/Users/shamslab/Desktop/Cognition2_FullExperimentFile/fullGoodSeqs_rhythm_shortVis_PracticeVideo.csv,,2,2,1,2,1,11,41,53,83,95,100,112,142,154,159,3_audFile.wav,10,7,16,2,2,1,2,1,11,41,53,83,95,100,112,142,154,159,3_audFile.wav,10,,0,1,,,16,1,171,176,1,171,176,7,,,,0,0,0,0,,,,,0,3,3,29,,,,,,,,,,,,,,,,,,,,,,,,,,,,,,,,,,,,,,,,,,,106.84343797597103,None,,,,,,,,,,,,,,,1,5.486816097050905,110.51452826499008,None,110.51452826499008,None,,,,,,,,,103.77250759396702,None,103.95260084490292,104.95286074001342,104.98293253988959,None,105.09290840500034,105.39298569597304,105.5130596968811,105.813063490903,105.93306476203725,105.98313694098033,106.10322528099641,106.40326518984511,106.52323348098435,106.57330415095203,106.69340651389211,106.7433214308694,105.08293417403475,None,108.15375554189086,None,108.26379815395921,108.56381915602833,108.68385382182896,108.98395162890665,109.10404610983096,109.15403785393573,109.27405284997076,109.57419433095492,109.69424917083234,109.74428348382935,109.86433575395495,109.91433675400913,108.2538897830993,None,,,,,,,,,,,,,,,,,,,,,,,,,,,,,,,,,,,,,,,,,,104,1,2023_May_23_1656,Cognition2_FullCode1,2021.2.3,100.02403892887921,
/Users/shamslab/Desktop/Cognition2_FullExperimentFile/104_VisualBlock1.csv,/Users/shamslab/Desktop/Cognition2_FullExperimentFile/fullGoodSeqs_rhythm_shortVis_PracticeVideo.csv,,2,1,1,2,1,11,41,53,58,70,75,87,117,129,134,3_audFile.wav,10,6,25,2,1,1,2,1,11,41,53,58,70,75,87,117,129,134,3_audFile.wav,10,,0,1,,,25,2,146,176,2,146,176,6,,,,0,0,0,0,,,,,0,4,4,16,,,,,,,,,,,,,,,,,,,,,,,,,,,,,,,,,,,,,,,,,,,119.0970350378193,None,,,,,,,,,,,,,,,1,1.8733204880263656,122.76808092789724,None,122.76808092789724,None,,,,,,,,,116.02603339403868,None,116.20614636689425,117.20633310289122,117.2362532268744,None,117.34638748294674,117.64639156986959,117.76656176382676,117.8166606288869,117.93657782091759,117.98648860002868,118.1067461988423,118.40663024084643,118.52676505292766,118.57665654993616,118.69676940585487,118.99683337891474,117.33637437322177,None,120.4073351379484,None,120.51720081898384,120.81736652203836,120.93741672299802,120.9873357990291,121.1073620968964,121.15751377982087,121.27743674186058,121.57745667896233,121.69769731792621,121.74753558286466,121.86767746089026,122.1678091569338,120.50727966711857,None,,,,,,,,,,,,,,,,,,,,,,,,,,,,,,,,,,,,,,,,,,104,1,2023_May_23_1656,Cognition2_FullCode1,2021.2.3,100.02403892887921,
/Users/shamslab/Desktop/Cognition2_FullExperimentFile/104_VisualBlock1.csv,/Users/shamslab/Desktop/Cognition2_FullExperimentFile/fullGoodSeqs_rhythm_shortVis_PracticeVideo.csv,,1,1,2,2,1,11,16,28,33,45,75,87,117,129,134,3_audFile.wav,10,4,27,1,1,2,2,1,11,16,28,33,45,75,87,117,129,134,3_audFile.wav,10,,0,1,,,27,2,146,176,2,146,176,4,,,,0,0,0,0,,,,,0,5,5,19,,,,,,,,,,,,,,,,,,,,,,,,,,,,,,,,,,,,,,,,,,,127.73941490403377,None,,,,,,,,,,,,,,,1,4.110939170001075,131.41046042903326,None,131.41046042903326,None,,,,,,,,,124.66852187691256,None,124.84861624590121,125.84878877690062,125.87882467382587,None,125.9888543379493,126.03899623686448,126.15892776893452,126.20889590098523,126.32894845702685,126.62889596098103,126.74896828504279,127.0491328400094,127.16931348503567,127.2190712960437,127.33926035487093,127.6392762309406,125.97896774816327,None,129.04975152481347,None,129.15972616383806,129.20975580997765,129.32981957891025,129.3797352479305,129.4998597658705,129.79989628493786,129.91998489783145,130.22001685784198,130.34009349998087,130.39014381286688,130.51016549998894,130.81013465393335,129.14978648913092,None,,,,,,,,,,,,,,,,,,,,,,,,,,,,,,,,,,,,,,,,,,104,1,2023_May_23_1656,Cognition2_FullCode1,2021.2.3,100.02403892887921,
/Users/shamslab/Desktop/Cognition2_FullExperimentFile/104_VisualBlock1.csv,/Users/shamslab/Desktop/Cognition2_FullExperimentFile/fullGoodSeqs_rhythm_shortVis_PracticeVideo.csv,,1,1,2,1,2,11,16,28,33,45,75,87,92,104,134,3_audFile.wav,10,4,27,1,1,2,2,1,11,16,28,33,45,75,87,117,129,134,3_audFile.wav,10,,0,2,,,29,2,146,176,2,146,176,4,,,,0,0,0,0,,,,,0,6,6,10,,,,,,,,,,,,,,,,,,,,,,,,,,,,,,,,,,,,,,,,,,,138.61245839786716,None,,,,,,,,,,,,,,,1,1.8698119148612022,142.2836202760227,None,142.2836202760227,None,,,,,,,,,135.54169119894505,None,135.7217517560348,136.72182188392617,136.75197582691908,None,136.86200274690054,136.911959777819,137.03203647583723,137.08197949593887,137.20197104802355,137.50228452682495,137.6222552668769,137.67207306204364,137.79213149193674,138.09236841485836,138.21236691786908,138.51245833281428,136.85197473415172,None,139.92274914192967,None,140.03275270201266,140.0828353560064,140.20289855683222,140.25288554583676,140.37299983389676,140.67303811502643,140.79306589695625,141.09325222088955,141.21325783384964,141.26313712494448,141.38336586602964,141.68324514385313,140.0227575002238,None,,,,,,,,,,,,,,,,,,,,,,,,,,,,,,,,,,,,,,,,,,104,1,2023_May_23_1656,Cognition2_FullCode1,2021.2.3,100.02403892887921,
/Users/shamslab/Desktop/Cognition2_FullExperimentFile/104_VisualBlock1.csv,/Users/shamslab/Desktop/Cognition2_FullExperimentFile/fullGoodSeqs_rhythm_shortVis_PracticeVideo.csv,,2,1,1,2,2,11,41,53,58,70,75,87,117,129,159,3_audFile.wav,10,6,21,2,1,1,2,2,11,41,53,58,70,75,87,117,129,159,3_audFile.wav,10,,0,1,,,21,1,171,176,1,171,176,6,,,,0,0,0,0,,,,,0,7,7,11,,,,,,,,,,,,,,,,,,,,,,,,,,,,,,,,,,,,,,,,,,,147.24482569401152,None,,,,,,,,,,,,,,,1,3.1013331580907106,150.91600653994828,None,150.91600653994828,None,,,,,,,,,144.17401626589708,None,144.35418335883878,145.35445998888463,145.3844375850167,None,145.49447027081624,145.79453183081932,145.91457977890968,145.96449479088187,146.0846566609107,146.13455611187965,146.25482550589368,146.55458659888245,146.67466895002872,146.97478148387745,147.09490254102275,147.1448445999995,145.48453094814903,None,148.55533723300323,None,148.6654363318812,148.9654351179488,149.0854975709226,149.13554103299975,149.2555685378611,149.30551263294183,149.42553239990957,149.72556919394992,149.84575307182968,150.14570147893392,150.26581395301037,150.3158346018754,148.65536461821756,None,,,,,,,,,,,,,,,,,,,,,,,,,,,,,,,,,,,,,,,,,,104,1,2023_May_23_1656,Cognition2_FullCode1,2021.2.3,100.02403892887921,
/Users/shamslab/Desktop/Cognition2_FullExperimentFile/104_VisualBlock1.csv,/Users/shamslab/Desktop/Cognition2_FullExperimentFile/fullGoodSeqs_rhythm_shortVis_PracticeVideo.csv,,1,2,1,2,1,11,16,28,58,70,75,87,117,129,134,3_audFile.wav,10,5,20,1,2,2,1,2,11,16,28,58,70,100,112,117,129,159,3_audFile.wav,10,,0,2,,,26,2,146,176,1,171,176,5,,,,0,0,0,0,,,,,0,8,8,25,,,,,,,,,,,,,,,,,,,,,,,,,,,,,,,,,,,,,,,,,,,157.11781970900483,None,,,,,,,,,,,,,,,1,1.796457186108455,160.7888938980177,None,160.7888938980177,None,,,,,,,,,154.0468596718274,None,154.236985581927,155.23720639199018,155.25730117294006,None,155.36723541188985,155.4171841929201,155.53721999796107,155.8373284728732,155.9574177910108,156.00736949802376,156.1273504770361,156.4274645028636,156.54757713293657,156.59750366793014,156.7176740129944,157.01775174587965,155.35728050819597,None,158.42801217897795,None,158.53821904584765,158.58814932894893,158.70824571489356,159.0082469158806,159.12827841681428,159.42830582498573,159.5484351119958,159.59851394989528,159.7183877748903,160.01864728191867,160.13857921003364,160.18863156903535,158.52812699722125,None,,,,,,,,,,,,,,,,,,,,,,,,,,,,,,,,,,,,,,,,,,104,1,2023_May_23_1656,Cognition2_FullCode1,2021.2.3,100.02403892887921,
/Users/shamslab/Desktop/Cognition2_FullExperimentFile/104_VisualBlock1.csv,/Users/shamslab/Desktop/Cognition2_FullExperimentFile/fullGoodSeqs_rhythm_shortVis_PracticeVideo.csv,,1,1,2,2,1,11,16,28,33,45,75,87,117,129,134,3_audFile.wav,10,4,29,1,1,2,1,2,11,16,28,33,45,75,87,92,104,134,3_audFile.wav,10,,0,2,,,27,2,146,176,2,146,176,4,,,,0,0,0,0,,,,,0,9,9,2,,,,,,,,,,,,,,,,,,,,,,,,,,,,,,,,,,,,,,,,,,,165.6801358498633,None,,,,,,,,,,,,,,,1,1.938192553119734,169.35118318884633,None,169.35118318884633,None,,,,,,,,,162.60943268891424,None,162.78928156592883,163.78957026684657,163.81968493503518,None,163.92972200689837,163.97982096089981,164.09979287581518,164.14972894103266,164.2698165269103,164.56985233793966,164.6898628238123,164.9900690149516,165.10990452603437,165.16003055893816,165.28001275588758,165.58018702990375,163.91959572611376,None,166.99050867301412,None,167.10078301886097,167.15055951289833,167.27060851594433,167.32068715593778,167.4408305368852,167.74074746388942,167.86085342383012,167.91082599689253,168.0308211678639,168.3308432030026,168.45111018791795,168.7509733068291,167.09063503523356,None,,,,,,,,,,,,,,,,,,,,,,,,,,,,,,,,,,,,,,,,,,104,1,2023_May_23_1656,Cognition2_FullCode1,2021.2.3,100.02403892887921,
/Users/shamslab/Desktop/Cognition2_FullExperimentFile/104_VisualBlock1.csv,/Users/shamslab/Desktop/Cognition2_FullExperimentFile/fullGoodSeqs_rhythm_shortVis_PracticeVideo.csv,,1,1,2,1,2,11,16,28,33,45,75,87,92,104,134,3_audFile.wav,10,4,29,1,1,2,1,2,11,16,28,33,45,75,87,92,104,134,3_audFile.wav,10,,0,1,,,29,2,146,176,2,146,176,4,,,,0,0,0,0,,,,,0,10,10,3,,,,,,,,,,,,,,,,,,,,,,,,,,,,,,,,,,,,,,,,,,,174.38273332291283,None,,,,,,,,,,,,,,,1,2.371605809079483,178.05373679986224,None,178.05373679986224,None,,,,,,,,,171.31166824302636,None,171.4917663158849,172.49206377286464,172.52211059699766,None,172.63211650797166,172.68219550093636,172.8022231659852,172.8521812579129,172.97229868685827,173.27237419597805,173.3924157829024,173.44237750582397,173.56246825796552,173.86255761701614,173.98270476586185,174.28254714398645,172.62213027202523,None,175.69307872303762,None,175.80315588298254,175.85309012583457,175.97310716402717,176.0231486018747,176.14316923404112,176.4431970959995,176.56321083498187,176.61337821302004,176.73331769392826,177.0333489619661,177.15349698602222,177.45369426091202,175.7931606851518,None,,,,,,,,,,,,,,,,,,,,,,,,,,,,,,,,,,,,,,,,,,104,1,2023_May_23_1656,Cognition2_FullCode1,2021.2.3,100.02403892887921,
/Users/shamslab/Desktop/Cognition2_FullExperimentFile/104_VisualBlock1.csv,/Users/shamslab/Desktop/Cognition2_FullExperimentFile/fullGoodSeqs_rhythm_shortVis_PracticeVideo.csv,,1,2,1,2,2,11,16,28,58,70,75,87,117,129,159,3_audFile.wav,10,5,20,1,2,2,1,2,11,16,28,58,70,100,112,117,129,159,3_audFile.wav,10,,0,2,,,22,1,171,176,1,171,176,5,,,,0,0,0,0,,,,,0,11,11,30,,,,,,,,,,,,,,,,,,,,,,,,,,,,,,,,,,,,,,,,,,,183.51543180993758,None,,,,,,,,,,,,,,,1,4.158907493809238,187.18643241003156,None,187.18643241003156,None,,,,,,,,,180.44440947193652,None,180.63453723303974,181.6346502660308,181.65480142994784,None,181.7648570248857,181.81476171291433,181.93486477900296,182.2349648999516,182.35495394282043,182.40492532588542,182.5251515158452,182.82506436295807,182.9452715718653,183.2452779118903,183.36538632190786,183.41533944103867,181.7547678011935,None,184.82576390495524,None,184.93566599092446,184.9857498088386,185.1057628740091,185.40591308497824,185.52590475184843,185.82605589088053,185.94596407189965,185.996085569961,186.11613547801971,186.41622311994433,186.5361550238449,186.58611038094386,184.9258656041231,None,,,,,,,,,,,,,,,,,,,,,,,,,,,,,,,,,,,,,,,,,,104,1,2023_May_23_1656,Cognition2_FullCode1,2021.2.3,100.02403892887921,
/Users/shamslab/Desktop/Cognition2_FullExperimentFile/104_VisualBlock1.csv,/Users/shamslab/Desktop/Cognition2_FullExperimentFile/fullGoodSeqs_rhythm_shortVis_PracticeVideo.csv,,2,1,2,1,1,11,41,53,58,70,100,112,117,129,134,3_audFile.wav,10,6,25,2,1,1,2,1,11,41,53,58,70,75,87,117,129,134,3_audFile.wav,10,,0,2,,,23,2,146,176,2,146,176,6,,,,0,0,0,0,,,,,0,12,12,23,,,,,,,,,,,,,,,,,,,,,,,,,,,,,,,,,,,,,,,,,,,194.43853442487307,None,,,,,,,,,,,,,,,1,1.7076791271101683,198.109669016907,None,198.109669016907,None,,,,,,,,,191.36743575287983,None,191.54771207086742,192.5478010699153,192.57793764700182,None,192.68794016796164,192.98799235699698,193.10800594091415,193.1580855390057,193.27808561595157,193.57814145786688,193.69816015195101,193.74830146995373,193.8682624020148,193.9181606969796,194.0382838579826,194.338425867958,192.67804457717574,None,195.74877472803928,None,195.85880122496746,196.15879834094085,196.27900639595464,196.32894174498506,196.44909302098677,196.4991315950174,196.6190405979287,196.91903121885844,197.03913616901264,197.0891725749243,197.20928739896044,197.50924377702177,195.84883204107172,None,,,,,,,,,,,,,,,,,,,,,,,,,,,,,,,,,,,,,,,,,,104,1,2023_May_23_1656,Cognition2_FullCode1,2021.2.3,100.02403892887921,
/Users/shamslab/Desktop/Cognition2_FullExperimentFile/104_VisualBlock1.csv,/Users/shamslab/Desktop/Cognition2_FullExperimentFile/fullGoodSeqs_rhythm_shortVis_PracticeVideo.csv,,2,1,2,1,1,11,41,53,58,70,100,112,117,129,134,3_audFile.wav,10,6,23,2,1,2,1,1,11,41,53,58,70,100,112,117,129,134,3_audFile.wav,10,,0,1,,,23,2,146,176,2,146,176,6,,,,0,0,0,0,,,,,0,13,13,28,,,,,,,,,,,,,,,,,,,,,,,,,,,,,,,,,,,,,,,,,,,202.91086041601375,None,,,,,,,,,,,,,,,1,2.091420501936227,206.5819094479084,None,206.5819094479084,None,,,,,,,,,199.8400018438697,None,200.0200362978503,201.02027230500244,201.05024532298557,None,201.1603520468343,201.46037202281877,201.58045554696582,201.63054348994046,201.75054646586068,202.050510447938,202.17052437295206,202.220603778027,202.34072601399384,202.3907792470418,202.51077883900143,202.81092321593314,201.1503190240357,None,204.2211722189095,None,204.331162402872,204.63128706184216,204.7514012379106,204.80131037603132,204.92133159702644,205.22150377486832,205.341566498857,205.39143017702736,205.51151544693857,205.5615751678124,205.6816975318361,205.98164026695304,204.32113947817123,None,,,,,,,,,,,,,,,,,,,,,,,,,,,,,,,,,,,,,,,,,,104,1,2023_May_23_1656,Cognition2_FullCode1,2021.2.3,100.02403892887921,
/Users/shamslab/Desktop/Cognition2_FullExperimentFile/104_VisualBlock1.csv,/Users/shamslab/Desktop/Cognition2_FullExperimentFile/fullGoodSeqs_rhythm_shortVis_PracticeVideo.csv,,1,2,1,2,1,11,16,28,58,70,75,87,117,129,134,3_audFile.wav,10,5,26,1,2,1,2,1,11,16,28,58,70,75,87,117,129,134,3_audFile.wav,10,,0,1,,,26,2,146,176,2,146,176,5,,,,0,0,0,0,,,,,0,14,14,0,,,,,,,,,,,,,,,,,,,,,,,,,,,,,,,,,,,,,,,,,,,211.77331969700754,None,,,,,,,,,,,,,,,1,2.100808267015964,215.44453256297857,None,215.44453256297857,None,,,,,,,,,208.70251600490883,None,208.89241545181721,209.89271058281884,209.91280239191838,None,210.0229388519656,210.07277020788752,210.19287735782564,210.49300389783457,210.61308557284065,210.66291660699062,210.7831169120036,211.08306800294667,211.20325259282254,211.2530813110061,211.37323221401311,211.6733263519127,210.0129222600255,None,213.0838164568413,None,213.19368233694695,213.2437834299635,213.36386859696358,213.6642119428143,213.78404841199517,213.833953125868,213.9540019459091,214.2540324300062,214.3741985738743,214.42411941383034,214.54420213703997,214.8441635100171,213.18372558015398,None,,,,,,,,,,,,,,,,,,,,,,,,,,,,,,,,,,,,,,,,,,104,1,2023_May_23_1656,Cognition2_FullCode1,2021.2.3,100.02403892887921,
/Users/shamslab/Desktop/Cognition2_FullExperimentFile/104_VisualBlock1.csv,/Users/shamslab/Desktop/Cognition2_FullExperimentFile/fullGoodSeqs_rhythm_shortVis_PracticeVideo.csv,,1,2,1,1,2,11,16,28,58,70,75,87,92,104,134,3_audFile.wav,10,5,26,1,2,1,2,1,11,16,28,58,70,75,87,117,129,134,3_audFile.wav,10,,0,2,,,28,2,146,176,2,146,176,5,,,,0,0,0,0,,,,,0,15,15,1,,,,,,,,,,,,,,,,,,,,,,,,,,,,,,,,,,,,,,,,,,,220.63584321388043,None,,,,,,,,,,,,,,,1,2.0382597378920764,224.30708924890496,None,224.30708924890496,None,,,,,,,,,217.56503163604066,None,217.75497171189636,218.75535775488243,218.775500128977,None,218.88535323389806,218.93529684003443,219.05550904292613,219.35556112299673,219.47563864081167,219.52559204399586,219.64568235399202,219.695563434856,219.8156199150253,220.1158151149284,220.23576504993252,220.53582932287827,218.87543352721258,None,221.94627146003768,None,222.0562154520303,222.1062249080278,222.22644004994072,222.52635319391266,222.64639926003292,222.69649997283705,222.816590114031,223.1166299020406,223.23671627091244,223.286746280035,223.40680596185848,223.70671076187864,222.04622102905995,None,,,,,,,,,,,,,,,,,,,,,,,,,,,,,,,,,,,,,,,,,,104,1,2023_May_23_1656,Cognition2_FullCode1,2021.2.3,100.02403892887921,
/Users/shamslab/Desktop/Cognition2_FullExperimentFile/104_VisualBlock1.csv,/Users/shamslab/Desktop/Cognition2_FullExperimentFile/fullGoodSeqs_rhythm_shortVis_PracticeVideo.csv,,2,1,2,2,1,11,41,53,58,70,100,112,142,154,159,3_audFile.wav,10,6,21,2,1,1,2,2,11,41,53,58,70,75,87,117,129,159,3_audFile.wav,10,,0,2,,,17,1,171,176,1,171,176,6,,,,0,0,0,0,,,,,0,16,16,27,,,,,,,,,,,,,,,,,,,,,,,,,,,,,,,,,,,,,,,,,,,229.43848191085272,None,,,,,,,,,,,,,,,1,3.0038466311525553,233.10959676699713,None,233.10959676699713,None,,,,,,,,,226.3674884608481,None,226.5476642928552,227.5478912119288,227.5779956909828,None,227.68796360888518,227.98799870884977,228.1080688459333,228.15808523795567,228.27809480787255,228.57808910286985,228.69810755783692,228.99817438889295,229.11832053703256,229.1682841158472,229.28831737791188,229.33837571693584,227.67801835020072,None,230.7488049499225,None,230.85877675190568,231.15879375487566,231.27890503196977,231.32893849001266,231.44895987096243,231.49896261491813,231.61902857990935,231.9190167649649,232.03919265884906,232.3392179068178,232.45933926897123,232.5092537298333,230.8488066180609,None,,,,,,,,,,,,,,,,,,,,,,,,,,,,,,,,,,,,,,,,,,104,1,2023_May_23_1656,Cognition2_FullCode1,2021.2.3,100.02403892887921,
/Users/shamslab/Desktop/Cognition2_FullExperimentFile/104_VisualBlock1.csv,/Users/shamslab/Desktop/Cognition2_FullExperimentFile/fullGoodSeqs_rhythm_shortVis_PracticeVideo.csv,,2,2,1,1,2,11,41,53,83,95,100,112,117,129,159,3_audFile.wav,10,7,16,2,2,1,2,1,11,41,53,83,95,100,112,142,154,159,3_audFile.wav,10,,0,2,,,18,1,171,176,1,171,176,7,,,,0,0,0,0,,,,,0,17,17,24,,,,,,,,,,,,,,,,,,,,,,,,,,,,,,,,,,,,,,,,,,,239.21120292902924,None,,,,,,,,,,,,,,,1,1.8389513548463583,242.88239032495767,None,242.88239032495767,None,,,,,,,,,236.14024121500552,None,236.3203959579114,237.32055350695737,237.35069557395764,None,237.4606705289334,237.76069249399006,237.88080827286467,238.18092352501117,238.301008756971,238.35097028804012,238.47097377595492,238.52110095485114,238.6409976799041,238.9409619588405,239.06112550897524,239.1111276068259,237.45066264206542,None,240.52150962897576,None,240.63161538587883,240.93159411591478,241.05172747699544,241.35181646887213,241.47177142184228,241.52181174885482,241.64189179288223,241.9420181028545,242.06201774184592,242.11206656391732,242.232120876899,242.2820596548263,240.62164360615424,None,,,,,,,,,,,,,,,,,,,,,,,,,,,,,,,,,,,,,,,,,,104,1,2023_May_23_1656,Cognition2_FullCode1,2021.2.3,100.02403892887921,
/Users/shamslab/Desktop/Cognition2_FullExperimentFile/104_VisualBlock1.csv,/Users/shamslab/Desktop/Cognition2_FullExperimentFile/fullGoodSeqs_rhythm_shortVis_PracticeVideo.csv,,1,2,1,2,2,11,16,28,58,70,75,87,117,129,159,3_audFile.wav,10,5,24,1,2,2,1,1,11,16,28,58,70,100,112,117,129,134,3_audFile.wav,10,,0,2,,,22,1,171,176,2,146,176,5,,,,0,0,0,0,,,,,0,18,18,7,,,,,,,,,,,,,,,,,,,,,,,,,,,,,,,,,,,,,,,,,,,247.8137398159597,None,,,,,,,,,,,,,,,1,2.19652239093557,251.48483149893582,None,251.48483149893582,None,,,,,,,,,244.74286089488305,None,244.92291107191704,245.923113000812,245.9531392378267,None,246.0631598168984,246.1130741769448,246.23309884499758,246.53330466686748,246.65333123202436,246.7032073480077,246.8233712008223,247.12360282801092,247.243551654974,247.54355820687488,247.66368623194285,247.7135522419121,246.05323235718532,None,249.12401175592095,None,249.23405609698966,249.28405047487468,249.40411838702857,249.70416865986772,249.82431730395183,250.12419818085618,250.2444201009348,250.29427649104036,250.41434426489286,250.46446248982102,250.58448073500767,250.8844389959704,249.2240554192569,None,,,,,,,,,,,,,,,,,,,,,,,,,,,,,,,,,,,,,,,,,,104,1,2023_May_23_1656,Cognition2_FullCode1,2021.2.3,100.02403892887921,
/Users/shamslab/Desktop/Cognition2_FullExperimentFile/104_VisualBlock1.csv,/Users/shamslab/Desktop/Cognition2_FullExperimentFile/fullGoodSeqs_rhythm_shortVis_PracticeVideo.csv,,2,2,1,1,2,11,41,53,83,95,100,112,117,129,159,3_audFile.wav,10,7,18,2,2,1,1,2,11,41,53,83,95,100,112,117,129,159,3_audFile.wav,10,,0,1,,,18,1,171,176,1,171,176,7,,,,0,0,0,0,,,,,0,19,19,4,,,,,,,,,,,,,,,,,,,,,,,,,,,,,,,,,,,,,,,,,,,256.7762791928835,None,,,,,,,,,,,,,,,1,1.6421036289539188,260.4472389698494,None,260.4472389698494,None,,,,,,,,,253.7053793799132,None,253.8854849259369,254.8857712179888,254.9157171228435,None,255.02567880391143,255.3256741578225,255.44575365795754,255.74593215202913,255.86597929196432,255.9159338399768,256.03597878292203,256.0859534179326,256.2062228799332,256.50604471494444,256.62605303386226,256.67618244397454,255.01585261411964,None,258.08652279293165,None,258.1966784268152,258.496718989918,258.61675904202275,258.9168691309169,259.03686398803256,259.086847406812,259.2069106209092,259.25687041087076,259.3769428669475,259.6770423769485,259.7971290310379,259.8471288329456,258.18653911217115,None,,,,,,,,,,,,,,,,,,,,,,,,,,,,,,,,,,,,,,,,,,104,1,2023_May_23_1656,Cognition2_FullCode1,2021.2.3,100.02403892887921,
/Users/shamslab/Desktop/Cognition2_FullExperimentFile/104_VisualBlock1.csv,/Users/shamslab/Desktop/Cognition2_FullExperimentFile/fullGoodSeqs_rhythm_shortVis_PracticeVideo.csv,,2,1,1,2,1,11,41,53,58,70,75,87,117,129,134,3_audFile.wav,10,6,19,2,1,2,1,2,11,41,53,58,70,100,112,117,129,159,3_audFile.wav,10,,0,2,,,25,2,146,176,1,171,176,6,,,,0,0,0,0,,,,,0,20,20,14,,,,,,,,,,,,,,,,,,,,,,,,,,,,,,,,,,,,,,,,,,,265.18880167999305,None,,,,,,,,,,,,,,,1,1.9736853200010955,268.8597475809511,None,268.8597475809511,None,,,,,,,,,262.1178024020046,None,262.2978701489046,263.2980714479927,263.32809963985346,None,263.4381945459172,263.7381620579399,263.85839003301226,263.90820450684987,264.0283176419325,264.07831261702813,264.19841377204284,264.4986138800159,264.61854256293736,264.66845785896294,264.78859733697027,265.08853289089166,263.42814821708015,None,266.49901993898675,None,266.6089697650168,266.90907067991793,267.02915940782987,267.0791267999448,267.19930384797044,267.4992465500254,267.61933919787407,267.669280516915,267.7892669169232,268.0895066948142,268.2096550599672,268.25956007582135,266.59910716423764,None,,,,,,,,,,,,,,,,,,,,,,,,,,,,,,,,,,,,,,,,,,104,1,2023_May_23_1656,Cognition2_FullCode1,2021.2.3,100.02403892887921,
/Users/shamslab/Desktop/Cognition2_FullExperimentFile/104_VisualBlock1.csv,/Users/shamslab/Desktop/Cognition2_FullExperimentFile/fullGoodSeqs_rhythm_shortVis_PracticeVideo.csv,,2,2,1,2,1,11,41,53,83,95,100,112,142,154,159,3_audFile.wav,10,7,18,2,2,1,1,2,11,41,53,83,95,100,112,117,129,159,3_audFile.wav,10,,0,2,,,16,1,171,176,1,171,176,7,,,,0,0,0,0,,,,,0,21,21,8,,,,,,,,,,,,,,,,,,,,,,,,,,,,,,,,,,,,,,,,,,,273.93121271696873,None,,,,,,,,,,,,,,,1,1.9032587620895356,277.6021902980283,None,277.6021902980283,None,,,,,,,,,270.8602862288244,None,271.04029066092335,272.0405662038829,272.07050841883756,None,272.18066116794944,272.48064452502877,272.60067514004186,272.90078383288346,273.0208064489998,273.07081340881996,273.19082727795467,273.4910250999965,273.61104276496917,273.6613240400329,273.78122015390545,273.8310729570221,272.17057248302734,None,275.24144514882937,None,275.35151115292683,275.65146078681573,275.7716121939011,276.0716840380337,276.19174017803743,276.241650194861,276.36176428198814,276.41179891186766,276.5317963368725,276.8318082569167,276.95197845902294,277.0020041759126,275.34164719521067,None,,,,,,,,,,,,,,,,,,,,,,,,,,,,,,,,,,,,,,,,,,104,1,2023_May_23_1656,Cognition2_FullCode1,2021.2.3,100.02403892887921,
/Users/shamslab/Desktop/Cognition2_FullExperimentFile/104_VisualBlock1.csv,/Users/shamslab/Desktop/Cognition2_FullExperimentFile/fullGoodSeqs_rhythm_shortVis_PracticeVideo.csv,,2,1,2,1,2,11,41,53,58,70,100,112,117,129,159,3_audFile.wav,10,6,25,2,1,1,2,1,11,41,53,58,70,75,87,117,129,134,3_audFile.wav,10,,0,2,,,19,1,171,176,2,146,176,6,,,,0,0,0,0,,,,,0,22,22,17,,,,,,,,,,,,,,,,,,,,,,,,,,,,,,,,,,,,,,,,,,,282.60367247788236,None,,,,,,,,,,,,,,,1,2.510665745008737,286.2746702199802,None,286.2746702199802,None,,,,,,,,,279.5327743149828,None,279.7127939129714,280.7129343759734,280.7430810739752,None,280.85305799683556,281.1530572278425,281.27316535590217,281.3231414419133,281.44320845697075,281.7432353638578,281.8632442429662,281.9133217218332,282.0334308310412,282.33338776184246,282.45369026600383,282.5034720429685,280.8430858511012,None,283.91399515699595,None,284.0239770829212,284.3240729710087,284.4441066668369,284.4944616968278,284.61430012388155,284.66413055197336,284.78418215201236,285.0842031450011,285.2044349499047,285.2543696030043,285.3745547118597,285.6745798699558,284.0138870031107,None,,,,,,,,,,,,,,,,,,,,,,,,,,,,,,,,,,,,,,,,,,104,1,2023_May_23_1656,Cognition2_FullCode1,2021.2.3,100.02403892887921,
/Users/shamslab/Desktop/Cognition2_FullExperimentFile/104_VisualBlock1.csv,/Users/shamslab/Desktop/Cognition2_FullExperimentFile/fullGoodSeqs_rhythm_shortVis_PracticeVideo.csv,,1,2,1,2,1,11,16,28,58,70,75,87,117,129,134,3_audFile.wav,10,5,26,1,2,1,2,1,11,16,28,58,70,75,87,117,129,134,3_audFile.wav,10,,0,1,,,26,2,146,176,2,146,176,5,,,,0,0,0,0,,,,,0,23,23,15,,,,,,,,,,,,,,,,,,,,,,,,,,,,,,,,,,,,,,,,,,,291.8762973139528,None,,,,,,,,,,,,,,,1,2.574097203090787,295.54725141404197,None,295.54725141404197,None,,,,,,,,,288.8052323188167,None,288.9854733799584,289.9856551429257,290.01560942595825,None,290.12583590089343,290.1756186520215,290.29574172990397,290.5958681739867,290.71599495294504,290.7657793080434,290.8860782820266,291.18595516495407,291.306104878895,291.3560679110233,291.4760906738229,291.77625224296935,290.11567736212163,None,293.1866307479795,None,293.29656404000707,293.34661099896766,293.4666603198275,293.76678069797345,293.8867059990298,293.9367346188519,294.0568312809337,294.35683873901144,294.4769516028464,294.5270830008667,294.64710509288125,294.94708421081305,293.28665166725403,None,,,,,,,,,,,,,,,,,,,,,,,,,,,,,,,,,,,,,,,,,,104,1,2023_May_23_1656,Cognition2_FullCode1,2021.2.3,100.02403892887921,
/Users/shamslab/Desktop/Cognition2_FullExperimentFile/104_VisualBlock1.csv,/Users/shamslab/Desktop/Cognition2_FullExperimentFile/fullGoodSeqs_rhythm_shortVis_PracticeVideo.csv,,1,2,1,2,1,11,16,28,58,70,75,87,117,129,134,3_audFile.wav,10,5,20,1,2,2,1,2,11,16,28,58,70,100,112,117,129,159,3_audFile.wav,10,,0,2,,,26,2,146,176,1,171,176,5,,,,0,0,0,0,,,,,0,24,24,31,,,,,,,,,,,,,,,,,,,,,,,,,,,,,,,,,,,,,,,,,,,301.218924744986,None,,,,,,,,,,,,,,,1,8.03124998207204,304.89009970100597,None,304.89009970100597,None,,,,,,,,,298.14831283688545,None,298.32821661699563,299.3283026260324,299.358465205878,None,299.4683161319699,299.51839221594855,299.6384093069937,299.9386216059793,300.058553918032,300.1085957798641,300.22882980899885,300.52858434291556,300.64881256897934,300.69870556890965,300.8189061789308,301.11878648982383,299.45829673721454,None,302.5292785959318,None,302.6393195898272,302.6892592860386,302.8093373698648,303.1094368780032,303.229552306002,303.5296196269337,303.6497774119489,303.6997894779779,303.8197652408853,304.11984703782946,304.2397322668694,304.28986685187556,302.62941439617424,None,,,,,,,,,,,,,,,,,,,,,,,,,,,,,,,,,,,,,,,,,,104,1,2023_May_23_1656,Cognition2_FullCode1,2021.2.3,100.02403892887921,
/Users/shamslab/Desktop/Cognition2_FullExperimentFile/104_VisualBlock1.csv,/Users/shamslab/Desktop/Cognition2_FullExperimentFile/fullGoodSeqs_rhythm_shortVis_PracticeVideo.csv,,2,1,1,2,2,11,41,53,58,70,75,87,117,129,159,3_audFile.wav,10,6,23,2,1,2,1,1,11,41,53,58,70,100,112,117,129,134,3_audFile.wav,10,,0,2,,,21,1,171,176,2,146,176,6,,,,0,0,0,0,,,,,0,25,25,22,,,,,,,,,,,,,,,,,,,,,,,,,,,,,,,,,,,,,,,,,,,316.0132328970358,None,,,,,,,,,,,,,,,1,1.621197883039713,319.6841410328634,None,319.6841410328634,None,,,,,,,,,312.9421847318299,None,313.12224847404286,314.1225583748892,314.1526087678503,None,314.262565088924,314.56269366201013,314.6828238638118,314.7327282419428,314.8527219488751,314.90282936487347,315.0229406140279,315.3228832660243,315.44307813281193,315.7431199068669,315.86314884293824,315.9130197770428,314.25284279515034,None,317.3235546508804,None,317.4335052159149,317.7336671478115,317.85369468387216,317.9035750029143,318.0236778079998,318.3237872379832,318.4438334549777,318.4937864628155,318.61396054783836,318.66392868198454,318.7838484549429,319.08396616601385,317.42358407010323,None,,,,,,,,,,,,,,,,,,,,,,,,,,,,,,,,,,,,,,,,,,104,1,2023_May_23_1656,Cognition2_FullCode1,2021.2.3,100.02403892887921,
/Users/shamslab/Desktop/Cognition2_FullExperimentFile/104_VisualBlock1.csv,/Users/shamslab/Desktop/Cognition2_FullExperimentFile/fullGoodSeqs_rhythm_shortVis_PracticeVideo.csv,,1,2,2,1,2,11,16,28,58,70,100,112,117,129,159,3_audFile.wav,10,5,20,1,2,2,1,2,11,16,28,58,70,100,112,117,129,159,3_audFile.wav,10,,0,1,,,20,1,171,176,1,171,176,5,,,,0,0,0,0,,,,,0,26,26,12,,,,,,,,,,,,,,,,,,,,,,,,,,,,,,,,,,,,,,,,,,,324.4055349249393,None,,,,,,,,,,,,,,,1,1.3888878810685128,328.0765433078632,None,328.0765433078632,None,,,,,,,,,321.33474875590764,None,321.52469585393555,322.5249255509116,322.545063019963,None,322.6550745589193,322.7051527129952,322.8250442908611,323.12509926385246,323.24509156588465,323.545240344014,323.6653317050077,323.71534625883214,323.8354578849394,324.1354744299315,324.2555741998367,324.30536856502295,322.64494894822127,None,325.71598782087676,None,325.82598755299114,325.87588010402396,325.9959194038529,326.29592913086526,326.4160764729604,326.71617904282175,326.83619001181796,326.8861124229152,327.00622614403255,327.3063309919089,327.4264521379955,327.47628720500506,325.81596968304365,None,,,,,,,,,,,,,,,,,,,,,,,,,,,,,,,,,,,,,,,,,,104,1,2023_May_23_1656,Cognition2_FullCode1,2021.2.3,100.02403892887921,
/Users/shamslab/Desktop/Cognition2_FullExperimentFile/104_VisualBlock1.csv,/Users/shamslab/Desktop/Cognition2_FullExperimentFile/fullGoodSeqs_rhythm_shortVis_PracticeVideo.csv,,1,2,2,1,1,11,16,28,58,70,100,112,117,129,134,3_audFile.wav,10,5,20,1,2,2,1,2,11,16,28,58,70,100,112,117,129,159,3_audFile.wav,10,,0,2,,,24,2,146,176,1,171,176,5,,,,0,0,0,0,,,,,0,27,27,6,,,,,,,,,,,,,,,,,,,,,,,,,,,,,,,,,,,,,,,,,,,332.5578747240361,None,,,,,,,,,,,,,,,1,5.020388018107042,336.228987658862,None,336.228987658862,None,,,,,,,,,329.4870363099035,None,329.66712272097357,330.6672782639507,330.6972948310431,None,330.8075359079521,330.8573467070237,330.97750688297674,331.27741490793414,331.3974962839857,331.69750430388376,331.81760940887034,331.8675767418463,331.98772148392163,332.03777035092935,332.15784604800865,332.45776658086106,330.79740720922126,None,333.8682705578394,None,333.97816256596707,334.0282496998552,334.14831372583285,334.44826365984045,334.568317462923,334.8686446780339,334.9885698608123,335.03846309590153,335.1585910858121,335.45869592786767,335.57890478591435,335.6285978858359,333.96818026206455,None,,,,,,,,,,,,,,,,,,,,,,,,,,,,,,,,,,,,,,,,,,104,1,2023_May_23_1656,Cognition2_FullCode1,2021.2.3,100.02403892887921,
/Users/shamslab/Desktop/Cognition2_FullExperimentFile/104_VisualBlock1.csv,/Users/shamslab/Desktop/Cognition2_FullExperimentFile/fullGoodSeqs_rhythm_shortVis_PracticeVideo.csv,,2,1,2,1,2,11,41,53,58,70,100,112,117,129,159,3_audFile.wav,10,6,19,2,1,2,1,2,11,41,53,58,70,100,112,117,129,159,3_audFile.wav,10,,0,1,,,19,1,171,176,1,171,176,6,,,,0,0,0,0,,,,,0,28,28,13,,,,,,,,,,,,,,,,,,,,,,,,,,,,,,,,,,,,,,,,,,,344.3413818778936,None,,,,,,,,,,,,,,,1,2.2849096378777176,348.01243461482227,None,348.01243461482227,None,,,,,,,,,341.2703613138292,None,341.4503684148658,342.45055346097797,342.48074457095936,None,342.5908309100196,342.8909024759196,343.0108457598835,343.06080946396105,343.1809773268178,343.4810706968419,343.6010702550411,343.6509604009334,343.77121288492344,344.0710278998595,344.19117553695105,344.2412968489807,342.58080174825153,None,345.6515695338603,None,345.76163767883554,346.06163488398306,346.18168429797515,346.2317648699973,346.35175308585167,346.65181233291514,346.7719517739024,346.8219433168415,346.94194721383974,347.2419605748728,347.36214419687167,347.4120622659102,345.75177012411876,None,,,,,,,,,,,,,,,,,,,,,,,,,,,,,,,,,,,,,,,,,,104,1,2023_May_23_1656,Cognition2_FullCode1,2021.2.3,100.02403892887921,
/Users/shamslab/Desktop/Cognition2_FullExperimentFile/104_VisualBlock1.csv,/Users/shamslab/Desktop/Cognition2_FullExperimentFile/fullGoodSeqs_rhythm_shortVis_PracticeVideo.csv,,1,2,1,1,2,11,16,28,58,70,75,87,92,104,134,3_audFile.wav,10,5,28,1,2,1,1,2,11,16,28,58,70,75,87,92,104,134,3_audFile.wav,10,,0,1,,,28,2,146,176,2,146,176,5,,,,0,0,0,0,,,,,0,29,29,9,,,,,,,,,,,,,,,,,,,,,,,,,,,,,,,,,,,,,,,,,,,353.39381581684574,None,,,,,,,,,,,,,,,1,2.4485445499885827,357.06479623983614,None,357.06479623983614,None,,,,,,,,,350.32296216790564,None,350.50292878900655,351.5031750809867,351.53321258490905,None,351.64329797402024,351.6933276539203,351.8134240510408,352.1133854978252,352.23347474681213,352.2834141869098,352.4035190148279,352.4535585769918,352.57367636589333,352.87356626195833,352.99366355198435,353.293782053981,351.6333807672374,None,354.70422349101864,None,354.8141478598118,354.8641586548183,354.9842108748853,355.28419696586207,355.4044717748184,355.4543588499073,355.5743258758448,355.62442794488743,355.744514180813,356.0445100318175,356.16452302387916,356.46461077197455,354.8042820732109,None,,,,,,,,,,,,,,,,,,,,,,,,,,,,,,,,,,,,,,,,,,104,1,2023_May_23_1656,Cognition2_FullCode1,2021.2.3,100.02403892887921,
/Users/shamslab/Desktop/Cognition2_FullExperimentFile/104_VisualBlock1.csv,/Users/shamslab/Desktop/Cognition2_FullExperimentFile/fullGoodSeqs_rhythm_shortVis_PracticeVideo.csv,,1,2,2,1,2,11,16,28,58,70,100,112,117,129,159,3_audFile.wav,10,5,28,1,2,1,1,2,11,16,28,58,70,75,87,92,104,134,3_audFile.wav,10,,0,2,,,20,1,171,176,2,146,176,5,,,,0,0,0,0,,,,,0,30,30,26,,,,,,,,,,,,,,,,,,,,,,,,,,,,,,,,,,,,,,,,,,,362.6063873108942,None,,,,,,,,,,,,,,,1,1.8118452050257474,366.27749555790797,None,366.27749555790797,None,,,,,,,,,359.53569334582426,None,359.7156352738384,360.715806016,360.7458764088806,None,360.85591609287076,360.9058782628272,361.02602757303976,361.32603957899846,361.44622524199076,361.74624427990057,361.8660923000425,361.9162992700003,362.0361889428459,362.3362205149606,362.45628943294287,362.5062994279433,360.8459255251102,None,363.9168413130101,None,364.02672606892884,364.07681550085545,364.19687656802125,364.49690089491196,364.6170183578506,364.6669907749165,364.78697948902845,364.8370567490347,364.9571180390194,365.2571380250156,365.37721306388266,365.677245459985,364.01682579708284,None,,,,,,,,,,,,,,,,,,,,,,,,,,,,,,,,,,,,,,,,,,104,1,2023_May_23_1656,Cognition2_FullCode1,2021.2.3,100.02403892887921,
/Users/shamslab/Desktop/Cognition2_FullExperimentFile/104_VisualBlock1.csv,/Users/shamslab/Desktop/Cognition2_FullExperimentFile/fullGoodSeqs_rhythm_shortVis_PracticeVideo.csv,,2,1,2,2,1,11,41,53,58,70,100,112,142,154,159,3_audFile.wav,10,6,17,2,1,2,2,1,11,41,53,58,70,100,112,142,154,159,3_audFile.wav,10,,0,1,,,17,1,171,176,1,171,176,6,,,,0,0,0,0,,,,,0,31,31,20,,,,,,,,,,,,,,,,,,,,,,,,,,,,,,,,,,,,,,,,,,,371.1890325769782,None,,,,,,,,,,,,,,,1,1.5572923279833049,374.8600518000312,None,374.8600518000312,None,,,,,,,,,368.1179604299832,None,368.2981464099139,369.29827294196,369.3283187819179,None,369.4384980779141,369.7384837330319,369.8584338708315,369.90860523097217,370.02854981599376,370.3285866929218,370.44857880682684,370.7486473019235,370.86888245190494,370.9187147519551,371.03887652186677,371.0889293458313,369.4283156851772,None,372.49928259896114,None,372.6092807499226,372.9094221089035,373.0294047249481,373.0794165979605,373.19934924691916,373.499460647814,373.619447927922,373.9195932690054,374.03967558196746,374.0895705500152,374.2097530919127,374.2597039688844,372.5992204091046,None,,,,,,,,,,,,,,,,,,,,,,,,,,,,,,,,,,,,,,,,,,104,1,2023_May_23_1656,Cognition2_FullCode1,2021.2.3,100.02403892887921,
/Users/shamslab/Desktop/Cognition2_FullExperimentFile/104_VisualBlock1.csv,/Users/shamslab/Desktop/Cognition2_FullExperimentFile/fullGoodSeqs_rhythm_shortVis_PracticeVideo.csv,,,,,,,,,,,,,,,,,,,,,,,,,,,,,,,,,,,,,,,,,,,,,,,,,,,,,,0,0,0,0,,,,,,,,,,,,,,,,,,,,,,,,,,,,,,,,,,,,,,,,,,,,,,,,,,,,,,,,,,,,,,,,,,,,,,,,,,,,,,,,,,,,,,,,,,,,,,,,,,,,,,,,,,,,,,,,,,,,,376.45041680987924,None,376.45041680987924,None,,,,,,,,,,,,,,,,,,,,,,,,,,,,,,,,,,,,,,104,1,2023_May_23_1656,Cognition2_FullCode1,2021.2.3,100.02403892887921,
/Users/shamslab/Desktop/Cognition2_FullExperimentFile/104_AudioBlock1.csv,/Users/shamslab/Desktop/Cognition2_FullExperimentFile/fullGoodSeqs_rhythm_shortVis_PracticeAudio.csv,P1,2,1,2,1,1,11,41,56,61,76,106,121,126,141,146,1_practAudFile.wav,1,pc1,P1,2,1,2,1,1,11,41,56,61,76,106,121,126,141,146,1_practAudFile.wav,1,pc1,1,1,SAME,SAME,,,,,,,,,,,,0,1,1,1,0,0,0,0,,,,,,,,,,,,,,,,,,,436.5474865050055,None,space,1.6498408461920917,436.6475442289375,None,442.419160411926,None,442.61933304881677,None,438.4180894019082,442.419160411926,438.4180894019082,442.419160411926,443.6195587529801,None,443.729557455983,444.0296334119048,444.1797190809157,444.2298052699771,444.37970711197704,444.6797781989444,444.8298345678486,444.8797921750229,445.0299997490365,445.07997520593926,443.6295979721937,None,445.4799842899665,None,446.79041471192613,None,446.9005866548978,447.2005347888917,447.3507048790343,447.40056429896504,447.5506874618586,447.8507152008824,448.00090330885723,448.05068267695606,448.200865726918,448.2507075108588,446.80045393113977,None,1,1.5381093360483646,449.1512555780355,None,449.1512555780355,None,450.79158259090036,None,,,,,,,,,,,,,,,,,,,,,,,,,,,,,,,,,,,,,,,,,,,,,,,,,,,,,,,,,,,,,,,,,,,,,,,,,,,,,,,,,,,,104,1,2023_May_23_1656,Cognition2_FullCode1,2021.2.3,100.02403892887921,
/Users/shamslab/Desktop/Cognition2_FullExperimentFile/104_AudioBlock1.csv,/Users/shamslab/Desktop/Cognition2_FullExperimentFile/fullGoodSeqs_rhythm_shortVis_PracticeAudio.csv,P2,2,1,1,2,1,11,41,56,61,76,81,96,126,141,146,2_practAudFile.wav,1,pc1,P1,2,1,2,1,1,11,41,56,61,76,106,121,126,141,146,1_practAudFile.wav,1,pc1,1,2,DIFFERENT,DIFFERENT,,,,,,,,,,,,0,1,1,1,0,1,1,1,,,,,,,,,,,,,,,,,,,,,,,,,456.3831393159926,None,456.5833284938708,None,452.3820600339677,456.3831393159926,452.3820600339677,456.3831393159926,457.5934591819532,None,457.7035365938209,458.00359981204383,458.1536001448985,458.20363545184955,458.3537239469588,458.40370161389,458.5537593639456,458.85386108700186,459.0040087730158,459.05384902493097,457.60349840116686,None,459.4541296779644,None,460.7545852409676,None,460.8643601348158,461.16451599402353,461.31458656699397,461.3645574359689,461.51453263196163,461.8145893579349,461.9649394119624,462.0147061718162,462.16473435703665,462.21479260292836,460.7646244601812,None,2,0.4382742368616164,463.1150990310125,None,463.1150990310125,None,463.65525443991646,None,,,,,,,,,,,,,,,,,,,,,,,,,,,,,,,,,,,,,,,,,,,,,,,,,,,,,,,,,,,,,,,,,,,,,,,,,,,,,,,,,,,,104,1,2023_May_23_1656,Cognition2_FullCode1,2021.2.3,100.02403892887921,
/Users/shamslab/Desktop/Cognition2_FullExperimentFile/104_AudioBlock1.csv,/Users/shamslab/Desktop/Cognition2_FullExperimentFile/fullGoodSeqs_rhythm_shortVis_PracticeAudio.csv,P3,1,2,1,2,1,11,16,31,61,76,81,96,126,141,146,3_practAudFile.wav,1,pc2,P3,1,2,1,2,1,11,16,31,61,76,81,96,126,141,146,3_practAudFile.wav,1,pc2,1,1,SAME,SAME,,,,,,,,,,,,0,1,1,1,0,2,2,2,,,,,,,,,,,,,,,,,,,,,,,,,469.2467723849695,None,469.4470180438366,None,465.2457767408341,469.2467723849695,465.2457767408341,469.2467723849695,470.4572487829719,None,470.56725387182087,470.617226091912,470.7672134588938,471.06725864997134,471.21750743081793,471.2674129130319,471.4176553108264,471.71751323202625,471.86760592786595,471.917579874862,470.4672880021855,None,472.31777302501723,None,473.61833628686145,None,473.7281087930314,473.7780625920277,473.92812705691904,474.2282151810359,474.37838264903985,474.42822692892514,474.5783254678827,474.8783673599828,475.02848413889296,475.07842049887404,473.6283755060751,None,1,1.2465082418639213,475.97883426002227,None,475.97883426002227,None,477.3291142319795,None,,,,,,,,,,,,,,,,,,,,,,,,,,,,,,,,,,,,,,,,,,,,,,,,,,,,,,,,,,,,,,,,,,,,,,,,,,,,,,,,,,,,104,1,2023_May_23_1656,Cognition2_FullCode1,2021.2.3,100.02403892887921,
/Users/shamslab/Desktop/Cognition2_FullExperimentFile/104_AudioBlock1.csv,/Users/shamslab/Desktop/Cognition2_FullExperimentFile/fullGoodSeqs_rhythm_shortVis_PracticeAudio.csv,P3,1,2,1,2,1,11,16,31,61,76,81,96,126,141,146,3_practAudFile.wav,1,pc2,P4,1,2,1,1,2,11,16,31,61,76,81,96,101,116,146,4_practAudFile.wav,1,pc2,1,2,DIFFERENT,DIFFERENT,,,,,,,,,,,,0,1,1,1,0,3,3,3,,,,,,,,,,,,,,,,,,,,,,,,,482.9207601498347,None,483.1208020078484,None,478.9196930329781,482.9207601498347,478.9196930329781,482.9207601498347,484.13099915883504,None,484.2411062270403,484.2910832189955,484.4411578779109,484.74122619396076,484.89131040498614,484.94127599382773,485.09141445485875,485.39135310496204,485.54144972003996,485.59139046096243,484.1410383780487,None,485.9916220398154,None,487.2920966348611,None,487.4020319529809,487.45200540684164,487.60204792488366,487.90215581003577,488.0523678979371,488.10210910695605,488.2524124770425,488.30234311381355,488.452314772876,488.75231614499353,487.3021358540747,None,2,1.8847227860242128,489.65262172487564,None,489.65262172487564,None,491.64330013189465,None,,,,,,,,,,,,,,,,,,,,,,,,,,,,,,,,,,,,,,,,,,,,,,,,,,,,,,,,,,,,,,,,,,,,,,,,,,,,,,,,,,,,104,1,2023_May_23_1656,Cognition2_FullCode1,2021.2.3,100.02403892887921,
/Users/shamslab/Desktop/Cognition2_FullExperimentFile/104_AudioBlock1.csv,/Users/shamslab/Desktop/Cognition2_FullExperimentFile/fullGoodSeqs_rhythm_shortVis_PracticeAudio.csv,,2,1,2,1,2,11,41,53,58,70,100,112,117,129,159,10_audFile.wav,10,2,9,2,1,2,1,2,11,41,53,58,70,100,112,117,129,159,10_audFile.wav,10,,1,1,,,9,1,171,176,1,171,176,2,,,,0,1,1,1,,,,,0,0,0,28,,,,,,,,,,,,,,,,,,,,,,,,,,,,,,,,,,,,,,,,,,,498.055025115842,None,,,,,,,,,,,,,,,2,1.793260803911835,501.736147566,None,501.736147566,None,,,493.2537563890219,None,space,1.6075515288393945,493.35379455494694,None,495.01423059683293,None,495.19441722589545,None,496.19455784303136,None,496.30464810389094,496.604679654818,496.72468375298195,496.77466112794355,496.89472382399254,497.19483890081756,497.3148240058217,497.36486854287796,497.4849031318445,497.78490563691594,497.90500657702796,497.9550217119977,496.29469862119294,None,499.365325832041,None,499.4754200319294,499.77550972485915,499.8954785419628,499.9455970718991,500.06564219482243,500.36565980198793,500.4856741828844,500.5357734928839,500.6557780019939,500.95577579992823,501.07582329702564,501.1259080020245,499.4654700290877,None,,,,,,,,,,,,,,,,,,,,,,,,,,,,,,,,,,,,,,,,,,104,1,2023_May_23_1656,Cognition2_FullCode1,2021.2.3,100.02403892887921,
/Users/shamslab/Desktop/Cognition2_FullExperimentFile/104_AudioBlock1.csv,/Users/shamslab/Desktop/Cognition2_FullExperimentFile/fullGoodSeqs_rhythm_shortVis_PracticeAudio.csv,,2,1,1,2,1,11,41,53,58,70,75,87,117,129,134,15_audFile.wav,10,2,14,2,1,1,2,1,11,41,53,58,70,75,87,117,129,134,15_audFile.wav,10,,1,1,,,14,2,146,176,2,146,176,2,,,,0,1,1,1,,,,,0,1,1,6,,,,,,,,,,,,,,,,,,,,,,,,,,,,,,,,,,,,,,,,,,,506.62748235394247,None,,,,,,,,,,,,,,,1,0.006804914912208915,510.29853428783827,None,510.29853428783827,None,,,,,,,,,503.55655344203115,None,503.7366596008651,504.73690988193266,504.76692629395984,None,504.8770027710125,505.17708473303355,505.29711963399313,505.3470818209462,505.4671543438453,505.5171111738309,505.63734737294726,505.93730603181757,506.05746209900826,506.1073902028147,506.2272887118161,506.52754349494353,504.86701766103505,None,507.93793555302545,None,508.0478821678553,508.34808280994184,508.4680457988288,508.5180655498989,508.638030578848,508.68813471798785,508.80812866892666,509.10818679700606,509.22815245296806,509.27826875192113,509.398264617892,509.69834370096214,508.0379213842563,None,,,,,,,,,,,,,,,,,,,,,,,,,,,,,,,,,,,,,,,,,,104,1,2023_May_23_1656,Cognition2_FullCode1,2021.2.3,100.02403892887921,
/Users/shamslab/Desktop/Cognition2_FullExperimentFile/104_AudioBlock1.csv,/Users/shamslab/Desktop/Cognition2_FullExperimentFile/fullGoodSeqs_rhythm_shortVis_PracticeAudio.csv,,2,2,1,2,1,11,41,53,83,95,100,112,142,154,159,7_audFile.wav,10,3,8,2,2,1,1,2,11,41,53,83,95,100,112,117,129,159,9_audFile.wav,10,,1,2,,,6,1,171,176,1,171,176,3,,,,0,1,1,1,,,,,0,2,2,9,,,,,,,,,,,,,,,,,,,,,,,,,,,,,,,,,,,,,,,,,,,513.3993565998971,None,,,,,,,,,,,,,,,2,1.5069114349316806,517.0704327570274,None,517.0704327570274,None,,,,,,,,,510.32854431285523,None,510.50853670202196,511.5088570408989,511.53885600087233,None,511.6489883470349,511.94905650801957,512.0690255688969,512.3691569198854,512.4891521658283,512.5393446078524,512.6593280879315,512.9592707718257,513.0793087489437,513.1293352688663,513.2493922919966,513.2992971499916,511.63887606007046,None,514.7097325429786,None,514.819839078933,515.119949640939,515.240058187861,515.5399415369611,515.6601420619991,515.7101063060109,515.8300955069717,515.8801025620196,516.0001783969346,516.3002082819585,516.4202551909257,516.4702707149554,514.8098808462266,None,,,,,,,,,,,,,,,,,,,,,,,,,,,,,,,,,,,,,,,,,,104,1,2023_May_23_1656,Cognition2_FullCode1,2021.2.3,100.02403892887921,
/Users/shamslab/Desktop/Cognition2_FullExperimentFile/104_AudioBlock1.csv,/Users/shamslab/Desktop/Cognition2_FullExperimentFile/fullGoodSeqs_rhythm_shortVis_PracticeAudio.csv,,2,2,1,1,2,11,41,53,83,95,100,112,117,129,159,9_audFile.wav,10,3,8,2,2,1,1,2,11,41,53,83,95,100,112,117,129,159,9_audFile.wav,10,,1,1,,,8,1,171,176,1,171,176,3,,,,0,1,1,1,,,,,0,3,3,12,,,,,,,,,,,,,,,,,,,,,,,,,,,,,,,,,,,,,,,,,,,521.6717499149963,None,,,,,,,,,,,,,,,1,1.042557351058349,525.3428373269271,None,525.3428373269271,None,,,,,,,,,518.6008833819069,None,518.7810823649634,519.7811947299633,519.8113829458598,None,519.9213382338639,520.2214349568821,520.34149255394,520.6414631458465,520.7615324398503,520.8115268000402,520.9316693658475,520.9815575159155,521.1017826190218,521.4017040990293,521.5217601899058,521.5716902059503,519.9112986301072,None,522.9821159800049,None,523.0924198268913,523.3923102968838,523.5122778969817,523.8123420430347,523.9326122598723,523.9824562389404,524.1024307860062,524.1524785689544,524.2725199928973,524.5725625739433,524.6926521039568,524.7428010278381,523.0823380041868,None,,,,,,,,,,,,,,,,,,,,,,,,,,,,,,,,,,,,,,,,,,104,1,2023_May_23_1656,Cognition2_FullCode1,2021.2.3,100.02403892887921,
/Users/shamslab/Desktop/Cognition2_FullExperimentFile/104_AudioBlock1.csv,/Users/shamslab/Desktop/Cognition2_FullExperimentFile/fullGoodSeqs_rhythm_shortVis_PracticeAudio.csv,,1,2,2,2,1,11,16,28,58,70,100,112,142,154,159,3_audFile.wav,10,1,12,1,2,1,2,2,11,16,28,58,70,75,87,117,129,159,13_audFile.wav,10,,1,2,,,2,2,171,201,1,171,176,1,,,,0,1,1,1,,,,,0,4,4,2,,,,,,,,,,,,,,,,,,,,,,,,,,,,,,,,,,,,,,,,,,,529.6341004839633,None,,,,,,,,,,,,,,,1,1.0701663801446557,533.3151735728607,None,533.3151735728607,None,,,,,,,,,526.4132061188575,None,526.5931819130201,527.5936564819422,527.6234276848845,529.4839853469748,527.7335461638868,527.7835871840362,527.9035835878458,528.2036453390028,528.3237814549357,528.6237684788648,528.7437646319158,529.0437984848395,529.163902424043,529.2139238838572,529.3339528078213,None,527.7236754931976,None,530.944385916926,None,531.054610043997,531.1044402478728,531.2245351159945,531.5246053049341,531.644686472835,531.6945993578993,531.8146796009969,532.1148100858554,532.2348323408514,532.5448829829693,532.6648724169936,532.7148690549657,531.0446388640441,None,,,,,,,,,,,,,,,,,,,,,,,,,,,,,,,,,,,,,,,,,,104,1,2023_May_23_1656,Cognition2_FullCode1,2021.2.3,100.02403892887921,
/Users/shamslab/Desktop/Cognition2_FullExperimentFile/104_AudioBlock1.csv,/Users/shamslab/Desktop/Cognition2_FullExperimentFile/fullGoodSeqs_rhythm_shortVis_PracticeAudio.csv,,1,2,1,2,2,11,16,28,58,70,75,87,117,129,159,13_audFile.wav,10,1,15,1,2,1,2,1,11,16,28,58,70,75,87,117,129,134,16_audFile.wav,10,,1,2,,,12,1,171,176,2,146,176,1,,,,0,1,1,1,,,,,0,5,5,11,,,,,,,,,,,,,,,,,,,,,,,,,,,,,,,,,,,,,,,,,,,537.4763673050329,None,,,,,,,,,,,,,,,1,0.7899266108870506,541.1474650439341,None,541.1474650439341,None,,,,,,,,,534.4053612109274,None,534.5854778809007,535.5856900329236,535.6157420908567,None,535.7258166908287,535.775792366825,535.8957998999394,536.1960109169595,536.3159736560192,536.3659304638859,536.4859741809778,536.7860132118221,536.9060856220312,537.2062613158487,537.3261941450182,537.3762881320436,535.7157353421674,None,538.7868172889575,None,538.8967395038344,538.9466425639112,539.0668126838282,539.3668342188466,539.4868593339343,539.5369072610047,539.656979345018,539.9571576449089,540.0771505348384,540.1270868298598,540.2472684239037,540.5472859300207,538.8869593232405,None,,,,,,,,,,,,,,,,,,,,,,,,,,,,,,,,,,,,,,,,,,104,1,2023_May_23_1656,Cognition2_FullCode1,2021.2.3,100.02403892887921,
/Users/shamslab/Desktop/Cognition2_FullExperimentFile/104_AudioBlock1.csv,/Users/shamslab/Desktop/Cognition2_FullExperimentFile/fullGoodSeqs_rhythm_shortVis_PracticeAudio.csv,,2,1,2,2,1,11,41,53,58,70,100,112,142,154,159,2_audFile.wav,10,2,1,2,1,2,2,1,11,41,53,58,70,100,112,142,154,159,2_audFile.wav,10,,1,1,,,1,2,171,201,2,171,201,2,,,,0,1,1,1,,,,,0,6,6,19,,,,,,,,,,,,,,,,,,,,,,,,,,,,,,,,,,,,,,,,,,,545.1785028269514,None,,,,,,,,,,,,,,,1,1.3037978517822921,548.8495354098268,None,548.8495354098268,None,,,,,,,,,541.9575680720154,None,542.137793013826,543.1380580109544,543.167860070942,545.0284091508947,543.2779352809303,543.5779968199786,543.6983003509231,543.7483565518633,543.8681565900333,544.1681500149425,544.2881976028439,544.5882502270397,544.7083914608229,544.7583764619194,544.8783806029242,None,543.2679667401128,None,546.4888719299342,None,546.5989462679718,546.8990265468601,547.0190006899647,547.0690027109813,547.1891117389314,547.4891513469629,547.6092603700235,547.9092774209566,548.0293672299013,548.0793787930161,548.1994247408584,548.4995237998664,546.5890940172133,None,,,,,,,,,,,,,,,,,,,,,,,,,,,,,,,,,,,,,,,,,,104,1,2023_May_23_1656,Cognition2_FullCode1,2021.2.3,100.02403892887921,
/Users/shamslab/Desktop/Cognition2_FullExperimentFile/104_AudioBlock1.csv,/Users/shamslab/Desktop/Cognition2_FullExperimentFile/fullGoodSeqs_rhythm_shortVis_PracticeAudio.csv,,1,2,1,2,2,11,16,28,58,70,75,87,117,129,159,6_audFile.wav,10,1,5,1,2,1,2,2,11,16,28,58,70,75,87,117,129,159,6_audFile.wav,10,,1,1,,,5,2,171,201,2,171,201,1,,,,0,1,1,1,,,,,0,7,7,5,,,,,,,,,,,,,,,,,,,,,,,,,,,,,,,,,,,,,,,,,,,553.4008267668542,None,,,,,,,,,,,,,,,1,1.3594020628370345,557.0819490409922,None,557.0819490409922,None,,,,,,,,,550.1800488759764,None,550.3599608479999,551.3601600530092,551.390224999981,553.2507425809745,551.500330851879,551.5503299608827,551.6703735408373,551.9704114689957,552.0904254389461,552.1405068698805,552.2606185909826,552.5606272348668,552.6806090159807,552.9807317918167,553.1008860899601,None,551.4902322371956,None,554.7112007660326,None,554.8212531988975,554.8712108880281,554.9912195389625,555.2912802388892,555.4113074189518,555.4613782810047,555.5815885539632,555.8915603738278,556.0115056280047,556.3116826969199,556.431732774945,556.7318156338297,554.811251924187,None,,,,,,,,,,,,,,,,,,,,,,,,,,,,,,,,,,,,,,,,,,104,1,2023_May_23_1656,Cognition2_FullCode1,2021.2.3,100.02403892887921,
/Users/shamslab/Desktop/Cognition2_FullExperimentFile/104_AudioBlock1.csv,/Users/shamslab/Desktop/Cognition2_FullExperimentFile/fullGoodSeqs_rhythm_shortVis_PracticeAudio.csv,,2,1,2,1,1,11,41,53,58,70,100,112,117,129,134,14_audFile.wav,10,2,3,2,1,2,1,2,11,41,53,58,70,100,112,117,129,159,4_audFile.wav,10,,1,2,,,13,2,146,176,2,171,201,2,,,,0,1,1,1,,,,,0,8,8,29,,,,,,,,,,,,,,,,,,,,,,,,,,,,,,,,,,,,,,,,,,,561.5331049228553,None,,,,,,,,,,,,,,,1,1.036974349990487,565.2043713959865,None,565.2043713959865,None,,,,,,,,,558.4622412868775,None,558.6422753399238,559.642556163948,559.6726136440411,None,559.7826032580342,560.0828647429589,560.2028595588636,560.252731784014,560.3727971399203,560.6728022890165,560.7930322480388,560.8429054550361,560.963040785864,561.0129893438425,561.1330407690257,561.4330939559732,559.7726546770893,None,562.8435351839289,None,562.9535991749726,563.2536362279207,563.3738153260201,563.4236665680073,563.5438199939672,563.8438607058488,563.9638869988266,564.0139229269698,564.1340102630202,564.43409276288,564.5540175479837,564.854015653953,562.943597987108,None,,,,,,,,,,,,,,,,,,,,,,,,,,,,,,,,,,,,,,,,,,104,1,2023_May_23_1656,Cognition2_FullCode1,2021.2.3,100.02403892887921,
/Users/shamslab/Desktop/Cognition2_FullExperimentFile/104_AudioBlock1.csv,/Users/shamslab/Desktop/Cognition2_FullExperimentFile/fullGoodSeqs_rhythm_shortVis_PracticeAudio.csv,,1,2,2,2,1,11,16,28,58,70,100,112,142,154,159,3_audFile.wav,10,1,2,1,2,2,2,1,11,16,28,58,70,100,112,142,154,159,3_audFile.wav,10,,1,1,,,2,2,171,201,2,171,201,1,,,,0,1,1,1,,,,,0,9,9,30,,,,,,,,,,,,,,,,,,,,,,,,,,,,,,,,,,,,,,,,,,,569.4855396419298,None,,,,,,,,,,,,,,,1,1.8607584820128977,573.1565566689242,None,573.1565566689242,None,,,,,,,,,566.2645271369256,None,566.4447048178408,567.444895024877,567.4748374919873,569.3353299829178,567.5848510549404,567.6349456168246,567.7549220919609,568.0549901709892,568.1752167979721,568.4751546848565,568.5952420469839,568.8952375948429,569.0152797738556,569.0653832310345,569.1854043840431,None,567.5749073341024,None,570.7957471539266,None,570.9058129549958,570.9558180049062,571.0759291548748,571.3759480649605,571.4959431418683,571.7959942398593,571.916256853845,572.2162063519936,572.3362293369137,572.3862769820262,572.5064133638516,572.8063637539744,570.8957625711803,None,,,,,,,,,,,,,,,,,,,,,,,,,,,,,,,,,,,,,,,,,,104,1,2023_May_23_1656,Cognition2_FullCode1,2021.2.3,100.02403892887921,
/Users/shamslab/Desktop/Cognition2_FullExperimentFile/104_AudioBlock1.csv,/Users/shamslab/Desktop/Cognition2_FullExperimentFile/fullGoodSeqs_rhythm_shortVis_PracticeAudio.csv,,2,1,2,1,1,11,41,53,58,70,100,112,117,129,134,14_audFile.wav,10,2,13,2,1,2,1,1,11,41,53,58,70,100,112,117,129,134,14_audFile.wav,10,,1,1,,,13,2,146,176,2,146,176,2,,,,0,1,1,1,,,,,0,10,10,18,,,,,,,,,,,,,,,,,,,,,,,,,,,,,,,,,,,,,,,,,,,578.1179667038377,None,,,,,,,,,,,,,,,1,1.1003602480050176,581.7889869119972,None,581.7889869119972,None,,,,,,,,,575.0470855399035,None,575.2372262550052,576.2373508459423,576.2572778589092,None,576.3674211730249,576.6674014108721,576.7875733620021,576.8375423429534,576.9575496239122,577.2576951680239,577.377773812972,577.4276906228624,577.547896802891,577.5980020649731,577.7179318680428,578.0179287039209,576.3574075832032,None,579.4282796520274,None,579.5382098949049,579.8383722598664,579.9584313309751,580.0083585600369,580.1284751829226,580.4285345589742,580.5486476200167,580.5985369728878,580.718622763874,580.7685984210111,580.8886822198983,581.1887049570214,579.528426119173,None,,,,,,,,,,,,,,,,,,,,,,,,,,,,,,,,,,,,,,,,,,104,1,2023_May_23_1656,Cognition2_FullCode1,2021.2.3,100.02403892887921,
/Users/shamslab/Desktop/Cognition2_FullExperimentFile/104_AudioBlock1.csv,/Users/shamslab/Desktop/Cognition2_FullExperimentFile/fullGoodSeqs_rhythm_shortVis_PracticeAudio.csv,,1,2,1,2,2,11,16,28,58,70,75,87,117,129,159,6_audFile.wav,10,1,2,1,2,2,2,1,11,16,28,58,70,100,112,142,154,159,3_audFile.wav,10,,1,2,,,5,2,171,201,2,171,201,1,,,,0,1,1,1,,,,,0,11,11,13,,,,,,,,,,,,,,,,,,,,,,,,,,,,,,,,,,,,,,,,,,,586.1302290079184,None,,,,,,,,,,,,,,,1,0.6799415261484683,589.8014088568743,None,589.8014088568743,None,,,,,,,,,582.9092450670432,None,583.0895056489389,584.0896080490202,584.1195498998277,585.980270858854,584.2296060109511,584.2796549459454,584.3997256518342,584.6997706708498,584.8197694218252,584.8698598588817,584.9899011519738,585.2900624009781,585.4100567158312,585.710155660985,585.8300702518318,None,584.2198339922354,None,587.4406395719852,None,587.5506599249784,587.6006505920086,587.7208600488957,588.0207350510173,588.1407406078652,588.4409361749422,588.5609364160337,588.8609463388566,588.9811219288968,589.0310439059976,589.1511660998221,589.4512633709237,587.5406693341677,None,,,,,,,,,,,,,,,,,,,,,,,,,,,,,,,,,,,,,,,,,,104,1,2023_May_23_1656,Cognition2_FullCode1,2021.2.3,100.02403892887921,
/Users/shamslab/Desktop/Cognition2_FullExperimentFile/104_AudioBlock1.csv,/Users/shamslab/Desktop/Cognition2_FullExperimentFile/fullGoodSeqs_rhythm_shortVis_PracticeAudio.csv,,2,1,2,1,2,11,41,53,58,70,100,112,117,129,159,4_audFile.wav,10,2,3,2,1,2,1,2,11,41,53,58,70,100,112,117,129,159,4_audFile.wav,10,,1,1,,,3,2,171,201,2,171,201,2,,,,0,1,1,1,,,,,0,12,12,7,,,,,,,,,,,,,,,,,,,,,,,,,,,,,,,,,,,,,,,,,,,593.7223322568461,None,,,,,,,,,,,,,,,1,0.6639638100750744,597.3934391338844,None,597.3934391338844,None,,,,,,,,,590.501341155963,None,590.6816060650162,591.6816875790246,591.7118905750103,593.5723478209693,591.8218752278481,592.1219024509192,592.2419716988225,592.2918464390095,592.4120790499728,592.7120612089057,592.8321764159482,592.882030546898,593.0022629939485,593.3021953448188,593.4224170439411,None,591.8118349791505,None,595.032719432842,None,595.1428095379379,595.4429392679594,595.5628930979874,595.612882217858,595.7330266339704,596.0329723889008,596.1531052829232,596.2029706300236,596.3232401749119,596.6232159628998,596.7432357438374,597.0432728650048,595.1327644291334,None,,,,,,,,,,,,,,,,,,,,,,,,,,,,,,,,,,,,,,,,,,104,1,2023_May_23_1656,Cognition2_FullCode1,2021.2.3,100.02403892887921,
/Users/shamslab/Desktop/Cognition2_FullExperimentFile/104_AudioBlock1.csv,/Users/shamslab/Desktop/Cognition2_FullExperimentFile/fullGoodSeqs_rhythm_shortVis_PracticeAudio.csv,,2,2,1,2,1,11,41,53,83,95,100,112,142,154,159,1_audFile.wav,10,3,0,2,2,1,2,1,11,41,53,83,95,100,112,142,154,159,1_audFile.wav,10,,1,1,,,0,2,171,201,2,171,201,3,,,,0,1,1,1,,,,,0,13,13,3,,,,,,,,,,,,,,,,,,,,,,,,,,,,,,,,,,,,,,,,,,,601.3046393620316,None,,,,,,,,,,,,,,,1,0.9376582230906934,604.9757196919527,None,604.9757196919527,None,,,,,,,,,598.0836727388669,None,598.263717564987,599.2640420319512,599.2940536229871,601.1544812789652,599.4040055028163,599.7039756840095,599.8241099170409,600.1242449688725,600.2443810948171,600.2941652648151,600.4142685090192,600.7142925839871,600.8343730729539,600.8843360219616,601.0043357259128,None,599.3939456621185,None,602.6148118018173,None,602.7249135468155,603.0249253928196,603.1450679178815,603.445304561872,603.5651631630026,603.6150882579386,603.7354407338426,604.0353198270313,604.1554540519137,604.2054268228821,604.325439422857,604.6256175308954,602.7149572961964,None,,,,,,,,,,,,,,,,,,,,,,,,,,,,,,,,,,,,,,,,,,104,1,2023_May_23_1656,Cognition2_FullCode1,2021.2.3,100.02403892887921,
/Users/shamslab/Desktop/Cognition2_FullExperimentFile/104_AudioBlock1.csv,/Users/shamslab/Desktop/Cognition2_FullExperimentFile/fullGoodSeqs_rhythm_shortVis_PracticeAudio.csv,,1,2,2,1,2,11,16,28,58,70,100,112,117,129,159,11_audFile.wav,10,1,2,1,2,2,2,1,11,16,28,58,70,100,112,142,154,159,3_audFile.wav,10,,1,2,,,10,1,171,176,2,171,201,1,,,,0,1,1,1,,,,,0,14,14,15,,,,,,,,,,,,,,,,,,,,,,,,,,,,,,,,,,,,,,,,,,,609.0067812008783,None,,,,,,,,,,,,,,,1,1.21954127214849,612.6778534229379,None,612.6778534229379,None,,,,,,,,,605.9357572528534,None,606.1159407338127,607.1161596060265,607.1461591029074,None,607.2563241168391,607.3063366918359,607.4262267048471,607.726377147017,607.8464361629449,608.1465071518905,608.2665436428506,608.3165861368179,608.4366064539645,608.7366578718647,608.8567056909669,608.9067230019718,607.2463074541186,None,610.3170423388947,None,610.4271708559245,610.4771896789316,610.5972584858537,610.8972967260052,611.0173306018114,611.3173199109733,611.4374693259597,611.7375266328454,611.8575522890314,611.907499342924,612.0276340008713,612.3276720498689,610.4171714741271,None,,,,,,,,,,,,,,,,,,,,,,,,,,,,,,,,,,,,,,,,,,104,1,2023_May_23_1656,Cognition2_FullCode1,2021.2.3,100.02403892887921,
/Users/shamslab/Desktop/Cognition2_FullExperimentFile/104_AudioBlock1.csv,/Users/shamslab/Desktop/Cognition2_FullExperimentFile/fullGoodSeqs_rhythm_shortVis_PracticeAudio.csv,,2,1,2,1,2,11,41,53,58,70,100,112,117,129,159,4_audFile.wav,10,2,14,2,1,1,2,1,11,41,53,58,70,75,87,117,129,134,15_audFile.wav,10,,1,2,,,3,2,171,201,2,146,176,2,,,,0,1,1,1,,,,,0,15,15,0,,,,,,,,,,,,,,,,,,,,,,,,,,,,,,,,,,,,,,,,,,,617.1390859279782,None,,,,,,,,,,,,,,,2,1.0533183210063726,620.8200921628159,None,620.8200921628159,None,,,,,,,,,613.918121808907,None,614.0982268450316,615.098426878918,615.1284087540116,616.9889230038971,615.238556441851,615.5385644149501,615.6586143919267,615.7086979218293,615.828734330833,616.1287054298446,616.2488010788802,616.2987873039674,616.4189592129551,616.7188685138244,616.8389259828255,None,615.2285888342187,None,618.4493156208191,None,618.5594684828538,618.8594976118766,618.9794716509059,619.0295726780314,619.1496120439842,619.1996456978377,619.3196597269271,619.6197278320324,619.7398816698696,619.799924617866,619.9198292980436,620.2199451818597,618.5494771271945,None,,,,,,,,,,,,,,,,,,,,,,,,,,,,,,,,,,,,,,,,,,104,1,2023_May_23_1656,Cognition2_FullCode1,2021.2.3,100.02403892887921,
/Users/shamslab/Desktop/Cognition2_FullExperimentFile/104_AudioBlock1.csv,/Users/shamslab/Desktop/Cognition2_FullExperimentFile/fullGoodSeqs_rhythm_shortVis_PracticeAudio.csv,,2,1,2,2,1,11,41,53,58,70,100,112,142,154,159,8_audFile.wav,10,2,7,2,1,2,2,1,11,41,53,58,70,100,112,142,154,159,8_audFile.wav,10,,1,1,,,7,1,171,176,1,171,176,2,,,,0,1,1,1,,,,,0,16,16,22,,,,,,,,,,,,,,,,,,,,,,,,,,,,,,,,,,,,,,,,,,,624.9714080519043,None,,,,,,,,,,,,,,,2,0.8150475770235062,628.6422937649768,None,628.6422937649768,None,,,,,,,,,621.9004223579541,None,622.0803897930309,623.0806954458822,623.1108434819616,None,623.2208094359376,623.5207888749428,623.6409039970022,623.6910875218455,623.8109437800013,624.110960199032,624.2311132720206,624.5312170188408,624.6513577150181,624.7010925118811,624.8212640588172,624.8712028069422,623.21081042015,None,626.2817590918858,None,626.3916093190201,626.6917720809579,626.8118511908688,626.8617477880325,626.9817667438183,627.2819143089,627.4020780508872,627.7020676988177,627.822121966863,627.8721374578308,627.9921432258561,628.0422295308672,626.3816262661014,None,,,,,,,,,,,,,,,,,,,,,,,,,,,,,,,,,,,,,,,,,,104,1,2023_May_23_1656,Cognition2_FullCode1,2021.2.3,100.02403892887921,
/Users/shamslab/Desktop/Cognition2_FullExperimentFile/104_AudioBlock1.csv,/Users/shamslab/Desktop/Cognition2_FullExperimentFile/fullGoodSeqs_rhythm_shortVis_PracticeAudio.csv,,2,2,1,2,1,11,41,53,83,95,100,112,142,154,159,7_audFile.wav,10,3,6,2,2,1,2,1,11,41,53,83,95,100,112,142,154,159,7_audFile.wav,10,,1,1,,,6,1,171,176,1,171,176,3,,,,0,1,1,1,,,,,0,17,17,4,,,,,,,,,,,,,,,,,,,,,,,,,,,,,,,,,,,,,,,,,,,632.5534738628194,None,,,,,,,,,,,,,,,1,1.160787656903267,636.2245533380192,None,636.2245533380192,None,,,,,,,,,629.4825224138331,None,629.6625904790126,630.6629760258365,630.6930206178222,None,630.802979928907,631.1030211199541,631.2231219999958,631.523061695043,631.6431943690404,631.6932008839212,631.8133166369516,632.113224064,632.2334652049467,632.2833432029001,632.4034127558116,632.4534521189053,630.7930110870395,None,633.8638706889469,None,633.9739041980356,634.2739492589608,634.3940110078547,634.6940951179713,634.8141422949266,634.8640245979186,634.9841260330286,635.2842743790243,635.4043591020163,635.454197356943,635.5743374559097,635.6242653469089,633.9639617971145,None,,,,,,,,,,,,,,,,,,,,,,,,,,,,,,,,,,,,,,,,,,104,1,2023_May_23_1656,Cognition2_FullCode1,2021.2.3,100.02403892887921,
/Users/shamslab/Desktop/Cognition2_FullExperimentFile/104_AudioBlock1.csv,/Users/shamslab/Desktop/Cognition2_FullExperimentFile/fullGoodSeqs_rhythm_shortVis_PracticeAudio.csv,,1,2,2,1,2,11,16,28,58,70,100,112,117,129,159,5_audFile.wav,10,1,12,1,2,1,2,2,11,16,28,58,70,75,87,117,129,159,13_audFile.wav,10,,1,2,,,4,2,171,201,1,171,176,1,,,,0,1,1,1,,,,,0,18,18,10,,,,,,,,,,,,,,,,,,,,,,,,,,,,,,,,,,,,,,,,,,,640.6357433528174,None,,,,,,,,,,,,,,,1,1.470356201985851,644.3069814229384,None,644.3069814229384,None,,,,,,,,,637.4148171618581,None,637.6050380528904,638.6051811650395,638.6252516969107,640.4857721410226,638.7353592128493,638.7852188928518,638.9052680209279,639.2054632718209,639.3252957230434,639.6254245219752,639.745488232933,639.7953854969237,639.9155997638591,640.2156589929946,640.3358102848288,None,638.7251612660941,None,641.946161809843,None,642.0560562049504,642.1061595948413,642.2262052609585,642.5263253538869,642.646406089887,642.6963649119716,642.8163721419405,643.1163800668437,643.2366601228714,643.5365736668464,643.656701796921,643.7065752369817,642.0460824822542,None,,,,,,,,,,,,,,,,,,,,,,,,,,,,,,,,,,,,,,,,,,104,1,2023_May_23_1656,Cognition2_FullCode1,2021.2.3,100.02403892887921,
/Users/shamslab/Desktop/Cognition2_FullExperimentFile/104_AudioBlock1.csv,/Users/shamslab/Desktop/Cognition2_FullExperimentFile/fullGoodSeqs_rhythm_shortVis_PracticeAudio.csv,,2,2,1,2,1,11,41,53,83,95,100,112,142,154,159,1_audFile.wav,10,3,6,2,2,1,2,1,11,41,53,83,95,100,112,142,154,159,7_audFile.wav,10,,1,2,,,0,2,171,201,1,171,176,3,,,,0,1,1,1,,,,,0,19,19,14,,,,,,,,,,,,,,,,,,,,,,,,,,,,,,,,,,,,,,,,,,,649.0281254379079,None,,,,,,,,,,,,,,,1,1.5099403569474816,652.6994393619243,None,652.6994393619243,None,,,,,,,,,645.8073175058234,None,645.9973475448787,646.9974744929932,647.0175091419369,648.8781694818754,647.127628562972,647.4276681859046,647.547796593979,647.8477871718351,647.9679791238159,648.0178389388602,648.1379334628582,648.4379596679937,648.5580309578218,648.6080327038653,648.7281122680288,None,647.1176676021889,None,650.3386942278594,None,650.4485777849331,650.7486921478994,650.8687243750319,651.168695372995,651.2888374088798,651.3388488849159,651.4588877798524,651.7588999788277,651.8789193928242,651.9289596418384,652.0489873599727,652.0989652788267,650.4387342222501,None,,,,,,,,,,,,,,,,,,,,,,,,,,,,,,,,,,,,,,,,,,104,1,2023_May_23_1656,Cognition2_FullCode1,2021.2.3,100.02403892887921,
/Users/shamslab/Desktop/Cognition2_FullExperimentFile/104_AudioBlock1.csv,/Users/shamslab/Desktop/Cognition2_FullExperimentFile/fullGoodSeqs_rhythm_shortVis_PracticeAudio.csv,,2,1,1,2,2,11,41,53,58,70,75,87,117,129,159,12_audFile.wav,10,2,7,2,1,2,2,1,11,41,53,58,70,100,112,142,154,159,8_audFile.wav,10,,1,2,,,11,1,171,176,1,171,176,2,,,,0,1,1,1,,,,,0,20,20,20,,,,,,,,,,,,,,,,,,,,,,,,,,,,,,,,,,,,,,,,,,,657.300568792969,None,,,,,,,,,,,,,,,1,2.2056813549716026,660.9716577199288,None,660.9716577199288,None,,,,,,,,,654.2295917479787,None,654.409707602812,655.410054191947,655.440017998917,None,655.550086213043,655.8500402679201,655.9700465379283,656.0201692529954,656.1401425609365,656.1901639560238,656.3103895490058,656.6102508979384,656.7303423278499,657.0303898709826,657.1504552878905,657.2004552958533,655.540043585049,None,658.6109022258315,None,658.7208403879777,659.0211201268248,659.1411664478946,659.1909632268362,659.3110136978794,659.6111995249521,659.7312300610356,660.0312848519534,660.1512932458427,660.2013985100202,660.3213956868276,660.3714384299237,658.7108800572344,None,,,,,,,,,,,,,,,,,,,,,,,,,,,,,,,,,,,,,,,,,,104,1,2023_May_23_1656,Cognition2_FullCode1,2021.2.3,100.02403892887921,
/Users/shamslab/Desktop/Cognition2_FullExperimentFile/104_AudioBlock1.csv,/Users/shamslab/Desktop/Cognition2_FullExperimentFile/fullGoodSeqs_rhythm_shortVis_PracticeAudio.csv,,1,2,2,1,2,11,16,28,58,70,100,112,117,129,159,11_audFile.wav,10,1,10,1,2,2,1,2,11,16,28,58,70,100,112,117,129,159,11_audFile.wav,10,,1,1,,,10,1,171,176,1,171,176,1,,,,0,1,1,1,,,,,0,21,21,1,,,,,,,,,,,,,,,,,,,,,,,,,,,,,,,,,,,,,,,,,,,666.2730841899756,None,,,,,,,,,,,,,,,1,1.569022661074996,669.9443218789529,None,669.9443218789529,None,,,,,,,,,663.2022368488833,None,663.3823251489084,664.3825241900049,664.4125399058685,None,664.5225730608217,664.5725647700019,664.6925664700102,664.9926902910229,665.1127696780022,665.4128786178771,665.5328814738896,665.5829152148217,665.7031161549967,666.0029438158963,666.123086148873,666.172996439971,664.5126555902418,None,667.5835385178216,None,667.6935020948295,667.7435027130414,667.8635955429636,668.1636441589799,668.2836483789142,668.5837699738331,668.7038657700177,668.7538904098328,668.8737423839048,669.173943673959,669.2940225368366,669.3439025999978,667.6835192530882,None,,,,,,,,,,,,,,,,,,,,,,,,,,,,,,,,,,,,,,,,,,104,1,2023_May_23_1656,Cognition2_FullCode1,2021.2.3,100.02403892887921,
/Users/shamslab/Desktop/Cognition2_FullExperimentFile/104_AudioBlock1.csv,/Users/shamslab/Desktop/Cognition2_FullExperimentFile/fullGoodSeqs_rhythm_shortVis_PracticeAudio.csv,,1,2,1,2,1,11,16,28,58,70,75,87,117,129,134,16_audFile.wav,10,1,15,1,2,1,2,1,11,16,28,58,70,75,87,117,129,134,16_audFile.wav,10,,1,1,,,15,2,146,176,2,146,176,1,,,,0,1,1,1,,,,,0,22,22,21,,,,,,,,,,,,,,,,,,,,,,,,,,,,,,,,,,,,,,,,,,,674.6055238149129,None,,,,,,,,,,,,,,,1,0.9647959710564464,678.2765478058718,None,678.2765478058718,None,,,,,,,,,671.5346761038527,None,671.7146352038253,672.7149297469296,672.7450155338738,None,672.8550232958514,672.9049617589917,673.0249802118633,673.3250874648802,673.4451515269466,673.4951184829697,673.6151317728218,673.9153156508692,674.0353480949998,674.0853740659077,674.2054057319183,674.5053905618843,672.8449642851949,None,675.9157520069275,None,676.0257847048342,676.0758987739682,676.1959848878905,676.4960464939941,676.6160405159462,676.6659123839345,676.7860687049106,677.0860796449706,677.206192811951,677.2562028458342,677.3762815569062,677.6763060139492,676.0159364641179,None,,,,,,,,,,,,,,,,,,,,,,,,,,,,,,,,,,,,,,,,,,104,1,2023_May_23_1656,Cognition2_FullCode1,2021.2.3,100.02403892887921,
/Users/shamslab/Desktop/Cognition2_FullExperimentFile/104_AudioBlock1.csv,/Users/shamslab/Desktop/Cognition2_FullExperimentFile/fullGoodSeqs_rhythm_shortVis_PracticeAudio.csv,,2,1,2,2,1,11,41,53,58,70,100,112,142,154,159,2_audFile.wav,10,2,7,2,1,2,2,1,11,41,53,58,70,100,112,142,154,159,8_audFile.wav,10,,1,2,,,1,2,171,201,1,171,176,2,,,,0,1,1,1,,,,,0,23,23,16,,,,,,,,,,,,,,,,,,,,,,,,,,,,,,,,,,,,,,,,,,,682.4877217458561,None,,,,,,,,,,,,,,,2,0.25054988311603665,686.1587883599568,None,686.1587883599568,None,,,,,,,,,679.2668569339439,None,679.446814202005,680.4471842418425,680.4770510508679,682.3375878320076,680.5871508738492,680.8871459749062,681.0071915138979,681.057264268864,681.1773084439337,681.4773357438389,681.597477525007,681.8976280328352,682.0176551358309,682.0674913858529,682.1876020259224,None,680.5771044041496,None,683.7980770959985,None,683.908087593969,684.2081438279711,684.3282247898169,684.3782201039139,684.4982524819206,684.7982363838237,684.9183954410255,685.2184662399814,685.3385838128161,685.3884580528829,685.5086368790362,685.5585160730407,683.8980662001297,None,,,,,,,,,,,,,,,,,,,,,,,,,,,,,,,,,,,,,,,,,,104,1,2023_May_23_1656,Cognition2_FullCode1,2021.2.3,100.02403892887921,
/Users/shamslab/Desktop/Cognition2_FullExperimentFile/104_AudioBlock1.csv,/Users/shamslab/Desktop/Cognition2_FullExperimentFile/fullGoodSeqs_rhythm_shortVis_PracticeAudio.csv,,2,2,1,1,2,11,41,53,83,95,100,112,117,129,159,9_audFile.wav,10,3,0,2,2,1,2,1,11,41,53,83,95,100,112,142,154,159,1_audFile.wav,10,,1,2,,,8,1,171,176,2,171,201,3,,,,0,1,1,1,,,,,0,24,24,24,,,,,,,,,,,,,,,,,,,,,,,,,,,,,,,,,,,,,,,,,,,689.509711259976,None,,,,,,,,,,,,,,,1,2.1624770290218294,693.190863145981,None,693.190863145981,None,,,,,,,,,686.4389663278125,None,686.628865030827,687.6291676228866,687.6492129010148,None,687.7592164799571,688.0592211219482,688.1793284569867,688.4794090308715,688.5994557328522,688.6493928839918,688.7695152380038,688.8195388109889,688.9395045069978,689.2395877989475,689.3596167098731,689.4096615528688,687.7493815031369,None,690.8200248000212,None,690.9300333168358,691.2302069279831,691.3503384620417,691.6502563529648,691.7703130098525,691.8203952088952,691.9405380599201,692.2404414168559,692.3604822279885,692.4106417580042,692.5306931468658,692.8406775479671,690.9201920961962,None,,,,,,,,,,,,,,,,,,,,,,,,,,,,,,,,,,,,,,,,,,104,1,2023_May_23_1656,Cognition2_FullCode1,2021.2.3,100.02403892887921,
/Users/shamslab/Desktop/Cognition2_FullExperimentFile/104_AudioBlock1.csv,/Users/shamslab/Desktop/Cognition2_FullExperimentFile/fullGoodSeqs_rhythm_shortVis_PracticeAudio.csv,,2,1,1,2,1,11,41,53,58,70,75,87,117,129,134,15_audFile.wav,10,2,3,2,1,2,1,2,11,41,53,58,70,100,112,117,129,159,4_audFile.wav,10,,1,2,,,14,2,146,176,2,171,201,2,,,,0,1,1,1,,,,,0,25,25,23,,,,,,,,,,,,,,,,,,,,,,,,,,,,,,,,,,,,,,,,,,,698.4523773309775,None,,,,,,,,,,,,,,,1,1.1499721158761531,702.1234142188914,None,702.1234142188914,None,,,,,,,,,695.3814818810206,None,695.5614596458618,696.561776780989,696.5918133310042,None,696.7017379850149,697.0018108959775,697.1218968448229,697.1719081008341,697.2920481988695,697.341891500866,697.4620151219424,697.762081767898,697.8821523620281,697.9320860358421,698.0521510648541,698.3522147608455,696.6917776612565,None,699.7627489299048,None,699.872676715022,700.1727181249298,700.2929328589235,700.3427218708675,700.4627511089202,700.7628887949977,700.8830125499517,700.9329719708767,701.0530614578165,701.3531474948395,701.4731945858803,701.7732862678822,699.8626360572409,None,,,,,,,,,,,,,,,,,,,,,,,,,,,,,,,,,,,,,,,,,,104,1,2023_May_23_1656,Cognition2_FullCode1,2021.2.3,100.02403892887921,
/Users/shamslab/Desktop/Cognition2_FullExperimentFile/104_AudioBlock1.csv,/Users/shamslab/Desktop/Cognition2_FullExperimentFile/fullGoodSeqs_rhythm_shortVis_PracticeAudio.csv,,2,1,2,2,1,11,41,53,58,70,100,112,142,154,159,8_audFile.wav,10,2,1,2,1,2,2,1,11,41,53,58,70,100,112,142,154,159,2_audFile.wav,10,,1,2,,,7,1,171,176,2,171,201,2,,,,0,1,1,1,,,,,0,26,26,27,,,,,,,,,,,,,,,,,,,,,,,,,,,,,,,,,,,,,,,,,,,706.3646942030173,None,,,,,,,,,,,,,,,1,1.2217143171001226,710.0356263120193,None,710.0356263120193,None,,,,,,,,,703.293701758841,None,703.473809320014,704.473944353871,704.5040267738514,None,704.6140763959847,704.914077505935,705.0342032168992,705.0841669680085,705.2042251469102,705.5044523358811,705.6242775318678,705.9243504239712,706.0444981870241,706.0944389279466,706.2145027120132,706.2645652578212,704.6040190181695,None,707.6749470918439,None,707.7849330489989,708.084944384871,708.2050841839518,708.2550704618916,708.3750648419373,708.6751469769515,708.795230765827,709.0952694129664,709.2155244748574,709.265475967899,709.3854436809197,709.6855996670201,707.775101176044,None,,,,,,,,,,,,,,,,,,,,,,,,,,,,,,,,,,,,,,,,,,104,1,2023_May_23_1656,Cognition2_FullCode1,2021.2.3,100.02403892887921,
/Users/shamslab/Desktop/Cognition2_FullExperimentFile/104_AudioBlock1.csv,/Users/shamslab/Desktop/Cognition2_FullExperimentFile/fullGoodSeqs_rhythm_shortVis_PracticeAudio.csv,,2,1,1,2,2,11,41,53,58,70,75,87,117,129,159,12_audFile.wav,10,2,11,2,1,1,2,2,11,41,53,58,70,75,87,117,129,159,12_audFile.wav,10,,1,1,,,11,1,171,176,1,171,176,2,,,,0,1,1,1,,,,,0,27,27,25,,,,,,,,,,,,,,,,,,,,,,,,,,,,,,,,,,,,,,,,,,,714.3569305008277,None,,,,,,,,,,,,,,,1,1.2853903949726373,718.0279525949154,None,718.0279525949154,None,,,,,,,,,711.285872973036,None,711.4761056869756,712.4763205749914,712.4963892968372,None,712.6063989549875,712.9064612130169,713.0264810328372,713.0764557749499,713.1965366429649,713.2466027338523,713.3665212530177,713.666564164916,713.7867515659891,714.0869014048949,714.2068591138814,714.2568073349539,712.5965398361907,None,715.6672167310026,None,715.7772760118823,716.0772942819167,716.1973794118967,716.2473957748152,716.367508044932,716.4174248219933,716.5375691929366,716.8376773789059,716.9576806419063,717.2577827139758,717.3777231229469,717.4278042740189,715.7673725660891,None,,,,,,,,,,,,,,,,,,,,,,,,,,,,,,,,,,,,,,,,,,104,1,2023_May_23_1656,Cognition2_FullCode1,2021.2.3,100.02403892887921,
/Users/shamslab/Desktop/Cognition2_FullExperimentFile/104_AudioBlock1.csv,/Users/shamslab/Desktop/Cognition2_FullExperimentFile/fullGoodSeqs_rhythm_shortVis_PracticeAudio.csv,,2,1,2,1,2,11,41,53,58,70,100,112,117,129,159,10_audFile.wav,10,2,3,2,1,2,1,2,11,41,53,58,70,100,112,117,129,159,4_audFile.wav,10,,1,2,,,9,1,171,176,2,171,201,2,,,,0,1,1,1,,,,,0,28,28,8,,,,,,,,,,,,,,,,,,,,,,,,,,,,,,,,,,,,,,,,,,,722.4092858179938,None,,,,,,,,,,,,,,,1,1.2890767930075526,726.0802892139181,None,726.0802892139181,None,,,,,,,,,719.3383470799308,None,719.5184607089031,720.5185082238168,720.5486494409852,None,720.6586523929145,720.9586252640001,721.0787057289854,721.1287476548459,721.2488072598353,721.5487617328763,721.6690367800184,721.7189855589531,721.8390175828245,722.1389560408425,722.2591482319403,722.3092062878422,720.6486086941325,None,723.7196413630154,None,723.8295319869649,724.1296333069913,724.2496332470328,724.299627489876,724.4197901608422,724.7197768969927,724.8398471130058,724.889868889004,725.0100171479862,725.3100560188759,725.4301861319691,725.7299146889709,723.8196612191853,None,,,,,,,,,,,,,,,,,,,,,,,,,,,,,,,,,,,,,,,,,,104,1,2023_May_23_1656,Cognition2_FullCode1,2021.2.3,100.02403892887921,
/Users/shamslab/Desktop/Cognition2_FullExperimentFile/104_AudioBlock1.csv,/Users/shamslab/Desktop/Cognition2_FullExperimentFile/fullGoodSeqs_rhythm_shortVis_PracticeAudio.csv,,1,2,1,2,1,11,16,28,58,70,75,87,117,129,134,16_audFile.wav,10,1,2,1,2,2,2,1,11,16,28,58,70,100,112,142,154,159,3_audFile.wav,10,,1,2,,,15,2,146,176,2,171,201,1,,,,0,1,1,1,,,,,0,29,29,17,,,,,,,,,,,,,,,,,,,,,,,,,,,,,,,,,,,,,,,,,,,730.4614564119838,None,,,,,,,,,,,,,,,1,2.172692372929305,734.1326413368806,None,734.1326413368806,None,,,,,,,,,727.3906357008964,None,727.5706803789362,728.5709729858208,728.6008530298714,None,728.7109639188275,728.760829357896,728.8810186418705,729.1810525509063,729.3012082378846,729.3510033779312,729.4711636388674,729.7712949989364,729.8912776168436,729.9411881288979,730.0612877400126,730.3615199858323,728.7010152622126,None,731.7718334249221,None,731.8817939758301,731.9318397799507,732.0519427219406,732.351942691952,732.4719784609042,732.7721870499663,732.8921154290438,733.1922569610178,733.3122985810041,733.3623859989457,733.4823194218334,733.7824784119148,731.8719079902396,None,,,,,,,,,,,,,,,,,,,,,,,,,,,,,,,,,,,,,,,,,,104,1,2023_May_23_1656,Cognition2_FullCode1,2021.2.3,100.02403892887921,
/Users/shamslab/Desktop/Cognition2_FullExperimentFile/104_AudioBlock1.csv,/Users/shamslab/Desktop/Cognition2_FullExperimentFile/fullGoodSeqs_rhythm_shortVis_PracticeAudio.csv,,1,2,2,1,2,11,16,28,58,70,100,112,117,129,159,5_audFile.wav,10,1,4,1,2,2,1,2,11,16,28,58,70,100,112,117,129,159,5_audFile.wav,10,,1,1,,,4,2,171,201,2,171,201,1,,,,0,1,1,1,,,,,0,30,30,31,,,,,,,,,,,,,,,,,,,,,,,,,,,,,,,,,,,,,,,,,,,739.5541257988662,None,,,,,,,,,,,,,,,1,1.7761906019877642,743.2251623319462,None,743.2251623319462,None,,,,,,,,,736.333205205854,None,736.513192665996,737.5134231799748,737.5435255789198,739.4038888588548,737.6534858888481,737.7035758278798,737.8235624849331,738.1237055668607,738.2436459469609,738.5437871278264,738.6636826829053,738.7138888828922,738.8339375078212,739.1338090738282,739.2539361838717,None,737.6434905671515,None,740.864368513925,None,740.9744303759653,741.0243214759976,741.1444612760097,741.4446349458303,741.5645803478546,741.8645781970117,741.9847037079744,742.0348080259282,742.1546953148209,742.4548737469595,742.5750046889298,742.8751098359935,740.9644452541136,None,,,,,,,,,,,,,,,,,,,,,,,,,,,,,,,,,,,,,,,,,,104,1,2023_May_23_1656,Cognition2_FullCode1,2021.2.3,100.02403892887921,
/Users/shamslab/Desktop/Cognition2_FullExperimentFile/104_AudioBlock1.csv,/Users/shamslab/Desktop/Cognition2_FullExperimentFile/fullGoodSeqs_rhythm_shortVis_PracticeAudio.csv,,1,2,1,2,2,11,16,28,58,70,75,87,117,129,159,13_audFile.wav,10,1,12,1,2,1,2,2,11,16,28,58,70,75,87,117,129,159,13_audFile.wav,10,,1,1,,,12,1,171,176,1,171,176,1,,,,0,1,1,1,,,,,0,31,31,26,,,,,,,,,,,,,,,,,,,,,,,,,,,,,,,,,,,,,,,,,,,748.0965955108404,None,,,,,,,,,,,,,,,2,1.6637978821527213,751.7775544698816,None,751.7775544698816,None,,,,,,,,,745.0256410858128,None,745.2055920348503,746.2058984208852,746.2359547358938,None,746.3459200148936,746.3959688229952,746.51598796295,746.816104730824,746.9360464029014,746.986152715981,747.1061697339173,747.406303338008,747.5262303049676,747.8263729759492,747.9464531878475,747.996414107969,746.3359046211001,None,749.4068790939637,None,749.516839814838,749.5668248299044,749.6868600219022,749.986879152013,750.1070346899796,750.156964896014,750.2770243808627,750.5772574229632,750.6973272550385,750.9974456138443,751.1173244209494,751.1673159899656,749.5069219961763,None,,,,,,,,,,,,,,,,,,,,,,,,,,,,,,,,,,,,,,,,,,104,1,2023_May_23_1656,Cognition2_FullCode1,2021.2.3,100.02403892887921,
/Users/shamslab/Desktop/Cognition2_FullExperimentFile/104_AudioBlock1.csv,/Users/shamslab/Desktop/Cognition2_FullExperimentFile/fullGoodSeqs_rhythm_shortVis_PracticeAudio.csv,,,,,,,,,,,,,,,,,,,,,,,,,,,,,,,,,,,,,,,,,,,,,,,,,,,,,,0,1,1,1,,,,,,,,,,,,,,,,,,,,,,,,,,,,,,,,,,,,,,,,,,,,,,,,,,,,,,,,,,,,,,,,,,,,,,,,,,,,,,,,,,,,,,,,,,,,,,,,,,,,,,,,,,,,,,,,,,,,,753.471287220018,None,753.471287220018,None,,,,,,,,,,,,,,,,,,,,,,,,,,,,,,,,,,,,,,104,1,2023_May_23_1656,Cognition2_FullCode1,2021.2.3,100.02403892887921,
,,,,,,,,,,,,,,,,,,,,,,,,,,,,,,,,,,,,,,,,,,,,,,,,,,,,,,,,,,,,,,,,,,,,,,,,,,,,,,,,,,,,,,,,,,,,,,,,,,,,,,,,,,,,,,,,,,,,,,,,,,,,,,,,,,,,,,,,,,,,,,,,,,,,,,,,,,,,,,,,,,,,,,,,,,,,,,,,,,,space,4.203910544048995,813.9654957370367,None,,,,,,,,,,,,,,,,,,,,,,,,,,,,,,,,,,104,1,2023_May_23_1656,Cognition2_FullCode1,2021.2.3,100.02403892887921,
,,,,,,,,,,,,,,,,,,,,,,,,,,,,,,,,,,,,,,,,,,,,,,,,,,,,,,,,,,,,,,,,,,,,,,,,,,,,,,,,,,,,,,,,,,,,,,,,,,,,,,,,,,,,,,,,,,,,,,,,,,,,,,,,,,,,,,,,,,,,,,,,,,,,,,,,,,,,,,,,,,,,,,,,,,,,,,,,,,,,,,,813.5651223820169,None,818.1964609578717,None,space,6.370856377994642,818.3664899819996,None,,,,,,,,,,,,,,,,,,,,,,,,,,104,1,2023_May_23_1656,Cognition2_FullCode1,2021.2.3,100.02403892887921,
,,,,,,,,,,,,,,,,,,,,,,,,,,,,,,,,,,,,,,,,,,,,,,,,,,,,/Users/shamslab/Desktop/Cognition2_FullExperimentFile/conditionFiles_SRT/104_audioblock.csv,A,276,,,,,,,,,,,,,0,0,0,0,0,0,0,27,,,,,,,,,,,,,,,,,,,,,,,,,,,,,,,,,,,,,,,,,,,,,,,,,,,,,,,,,,,,,,,,,,,,,,,,,,,,,,,,,,,,,,,,,,,,,,,,,,,,,,,,,,,,,,,,,,,,,825.2583966639359,None,space,4.642787964083254,825.3585534289014,None,830.0398773229681,None,834.3012235788628,834.3110770678613,834.2911157322117,None,None,834.3012235788628,None,None,831.5304315099493,834.281076512998,831.5304315099493,None,841.6332533839159,None,841.6330790450331,841.7432030260097,,104,1,2023_May_23_1656,Cognition2_FullCode1,2021.2.3,100.02403892887921,
,,,,,,,,,,,,,,,,,,,,,,,,,,,,,,,,,,,,,,,,,,,,,,,,,,,,/Users/shamslab/Desktop/Cognition2_FullExperimentFile/conditionFiles_SRT/104_audioblock.csv,A,100,,,,,,,,,,,,,0,0,0,0,0,1,1,3,,,,,,,,,,,,,,,,,,,,,,,,,,,,,,,,,,,,,,,,,,,,,,,,,,,,,,,,,,,,,,,,,,,,,,,,,,,,,,,,,,,,,,,,,,,,,,,,,,,,,,,,,,,,,,,,,,,,,,,,,,,841.933245590888,None,844.433951864019,844.4439544070046,844.4339919381775,None,space,844.433951864019,None,None,843.4338241298683,844.4239527189638,843.4338241298683,None,852.1261264078785,None,852.1261051171925,852.2360910018906,7.591448049992323,104,1,2023_May_23_1656,Cognition2_FullCode1,2021.2.3,100.02403892887921,
,,,,,,,,,,,,,,,,,,,,,,,,,,,,,,,,,,,,,,,,,,,,,,,,,,,,/Users/shamslab/Desktop/Cognition2_FullExperimentFile/conditionFiles_SRT/104_audioblock.csv,A,357,,,,,,,,,,,,,0,0,0,0,0,2,2,18,,,,,,,,,,,,,,,,,,,,,,,,,,,,,,,,,,,,,,,,,,,,,,,,,,,,,,,,,,,,,,,,,,,,,,,,,,,,,,,,,,,,,,,,,,,,,,,,,,,,,,,,,,,,,,,,,,,,,,,,,,,852.426191451028,None,857.4977739299648,857.5076197048184,857.4976935261395,None,None,857.4977739299648,None,None,853.9267262418289,857.4876543069258,853.9267262418289,None,864.019683838822,None,864.01948565715,864.1294962388929,,104,1,2023_May_23_1656,Cognition2_FullCode1,2021.2.3,100.02403892887921,
,,,,,,,,,,,,,,,,,,,,,,,,,,,,,,,,,,,,,,,,,,,,,,,,,,,,,,,,,,,,,,,,,,,,,,,,,,,,,,,,,,,,,,,,,,,,,,,,,,,,,,,,,,,,,,,,,,,,,,,,,,,,,,,,,,,,,,,,,,,,,,,,,,,,,,,,,,,,,,,,,,,,,,,,,,,,,,,,,,,,,,,,,,,,,,,,,,,,,864.3196428099182,None,,,,,,,,,,,,,,,,,,,,,,,,
