"","TNJ_Uni_A","TNJ_Uni_V","TNJ_Bi_A","TNJ_Bi_V","TNJ_Bi","Pitch","RhythmV","RhythmA","SRT_A","SRT_V","SRT_B","LocalizationV","LocalizationA","SpeechA","SpeechAV","Corsi","LetterNumberSpan","Cancellation","Raven","WordMemory","Trail","Pcommon","sigmaU","sigmaD","AuditoryScore","VisualScore","PerceptualScore","CognitiveScore"
"23",0.485014066668551,0.423549945516771,0.367419772403405,0.132518753350106,0.081096866951355,0.047681167606338,-0.80427433507033,-0.171460303410076,0.411524485628925,-2.25484807130554,-0.683462905245527,-1.89893985941355,-1.47370060213251,-0.462400058189674,-0.9308381316476,-0.920318910522853,0.399197597693124,-2.73888485565983,-1.31034864937903,-0.705376083872783,-0.432377636080875,0.764685,0.759047,0.306578,-0.333521413235368,-4.40199356692255,-5.33788101845209,-6.20656903338897
"24",0.485014066668551,0.92634471954958,0.367419772403405,0.330245147237568,1.02277460437474,0.186300644564964,0.90286280194992,-0.926957265310723,0.00391229650202816,0.798288674004241,0.347613797377291,0.0749091116808881,1.43812895620941,NA,-0.9308381316476,-0.920318910522853,-0.0512761472656814,1.12751731594212,0.642192006498837,-1.56476441313264,0.111642156026595,0.133354,0.611232,0.361552,1.55381847103764,3.0326504544222,5.95685732721187,-1.69748828012781
"28",0.201326593711475,-0.0792448285160374,0.134298261637106,-1.05383960997466,-0.72605547941155,0.140094152245421,-1.04815106893037,0.83586897912412,0.215231015690792,0.408065035145956,0.101968377688587,-0.735960310704493,0.347227793836423,-0.462400058189674,-0.310279377215867,-0.920318910522853,-0.0512761472656814,-2.5198542563789,-0.659501764086406,-1.56476441313264,0.385558761061323,0.38811,1.156864,0.429906,1.87404679624534,-2.50913078297961,-1.25917108845723,-6.02599486860234
"29",NA,-0.0792448285160374,-1.73067382449329,0.132518753350106,-1.129631652593,-0.784035694145416,-0.560397601210295,-2.43795118911202,NA,-2.38780500128948,NA,0.86332039742743,-0.047321873579414,-0.462400058189674,0.310279377215866,-1.8709780049091,1.450303002597,0.187574782326295,-0.0086548787937846,0.15401224538707,-0.572860356840407,0.747312,0.929395,0.922089,-4.99998258133014,-2.03160828023828,-8.16122251416142,0.222536523823354
"35",0.768701539625626,1.17774210656598,0.600541283169704,0.725697935012492,0.170780460991677,0.60215907544084,0.658986068089884,1.59136594102477,-0.424412378887002,-0.462342303132454,-0.957042418096243,0.0749091116808963,2.29034692711583,NA,-0.310279377215867,0.0303401838633912,0.399197597693124,0.814657055930896,0.967615449145148,0.440475021807022,0.437067736691277,0.732924,0.757748,0.37306,5.42870238748976,2.1749929182168,6.817433348602,2.34200593122371
"39",-1.78448571698806,-2.09042392464727,-2.19691684602589,-1.64701879163705,-1.66773321683494,-1.52333957125809,-1.53590453665044,-0.675124944677174,-3.40356696370701,-0.972486613693991,-2.41909535277091,-0.708288616079621,-0.267091720906591,2.13860026912724,-0.310279377215867,-1.8709780049091,-0.651907807210756,NA,-1.31034864937903,-1.56476441313264,-1.50877663239827,0.472003,NA,0.692609,-9.8505257635628,-6.95412248270837,-20.891476815877,-5.70827825184738
"42",-0.0823608792456019,-0.330642215532442,0.600541283169704,0.330245147237568,0.215622258011839,-1.19989412502129,0.658986068089884,-0.675124944677174,-0.493460769683298,-2.14196511807352,0.359518061841171,-0.193531040539827,-0.702625726962687,-0.462400058189674,-0.310279377215867,-0.920318910522853,0.749566065994417,0.787932204299618,-0.0086548787937846,-0.705376083872783,-0.265181864497508,0.765263,0.793088,0.338434,-2.55292516242035,-1.67690715881834,-3.65469200138568,-0.407130980111252
"44",-1.50079824403098,-1.33623176359806,-2.66315986755849,-1.84474518552451,-1.93678399895591,-1.10748114038221,-0.316520867350259,-0.675124944677174,-2.69507628716523,-2.11800905847821,-1.33584032585035,-0.605960797077797,-0.788472226934941,2.13860026912724,0.310279377215866,0.0303401838633912,-1.49279213113386,-1.11655090942438,-0.659501764086406,1.01340057464692,0.79110386183456,0.993355,0.827432,0.513694,-9.43011271074902,-6.22146767202884,-18.9242047075841,-1.91482466891846
"45",-0.93342329811683,1.68053688059879,-0.798187781428091,0.923424328899954,0.215622258011839,0.140094152245421,0.415109334229848,-0.423292624043625,0.493312775792324,0.0582106574604174,0.402470443611587,-0.479522485864073,-1.02493317186854,-0.462400058189674,-0.310279377215867,0.980999278249635,0.84967134265193,0.307313658730943,0.316768563852527,1.29986335106688,-0.295437287902542,0.009754,0.72478,NA,-2.54642994741934,2.59775871532494,0.669421469529023,3.44433681733604
"48",0.485014066668551,-0.0792448285160374,1.0667843047023,0.132518753350106,0.977932807354581,-0.229557786310913,0.90286280194992,-0.675124944677174,-0.0995752581041369,0.27390220206676,0.0799692851531279,0.278051608115681,1.81205566553208,-0.462400058189674,0.930838131647599,0.0303401838633912,-0.651907807210756,0.774158822149083,0.967615449145148,0.726937798226973,-0.765040225086175,0.369525,0.521583,0.100954,2.35959604781071,1.50809053696643,4.92558867728485,2.77798257782144
"49",-0.649735825159753,-0.582039602548847,-2.19691684602589,-0.46066042831228,-1.03994805855268,-1.24610061734083,-0.0726441334902233,-1.68245422721137,-1.48766787792138,-0.312843439736487,-1.83744423148813,-1.55160804698736,-0.383762841644084,-0.462400058189674,-0.9308381316476,0.980999278249635,NA,-0.755495530809549,0.316768563852527,-0.705376083872783,-2.59646278700179,0.979494,0.669874,0.526879,-7.64663823530331,-2.9797956510752,-13.5038261764193,-1.09394190422777
"50",0.485014066668551,-0.833436989565251,-0.098823249129193,-0.856113216087203,-0.232795712189775,-0.8764486787845,-1.53590453665044,-1.43062190657782,-0.639992426306056,-0.935178740109065,0.849104359239471,-0.279959326162455,-1.04386683303553,2.13860026912724,0.930838131647599,-1.8709780049091,NA,-2.41771141557493,-0.984925206732717,-0.132450531032881,0.221189984716629,0.430069,0.894072,0.441893,-3.60473902716454,-4.44059280857441,-7.42902318868926,-4.47522702660202
"51",0.485014066668551,0.172152558500366,-0.331944759895492,0.132518753350106,-0.0085867270889682,-0.599209724867249,1.63449300353003,-0.926957265310723,0.133644538695075,1.14025447442252,0.525284026664196,NA,0.551753135177402,2.13860026912724,2.7925143949428,0.0303401838633912,0.399197597693124,-0.587790978409791,0.642192006498837,1.29986335106688,1.34103194307187,0.480438,0.619979,0.460922,-0.687700009532436,3.07941878980302,2.90841607984581,4.57631655565523
"53",-1.78448571698806,-0.330642215532442,-0.098823249129193,0.52797154112503,-0.0534285241091294,0.324920121523589,-1.2920278027904,-1.17878958594427,0.128317656684112,0.657611769502982,0.266115255647724,0.503370248766845,-0.588595553819913,-0.462400058189674,-0.9308381316476,0.0303401838633912,0.399197597693124,-3.24455937761757,-0.0086548787937846,0.15401224538707,-1.1053232677714,0.81489,0.673985,0.416343,-3.19745632767373,0.0662835410720135,-2.91848605506312,-3.60050236111537
"56",-1.78448571698806,-1.83902653763087,-1.26443080296069,0.330245147237568,-0.905422667492194,-1.33851360197992,-1.04815106893037,-1.93428654784492,-1.10459762082246,0.605049918581144,-0.146091466982169,0.328031996029386,-0.258241131771711,2.13860026912724,0.930838131647599,-1.8709780049091,0.399197597693124,0.194226942126553,0.642192006498837,0.15401224538707,1.39351361233804,0.503027,1.105287,0.505518,-7.68455542236775,-1.62385054471314,-10.3599201015553,0.449488918444088
"57",0.201326593711475,-0.582039602548847,-0.098823249129193,-2.24019797329944,-1.129631652593,-1.61575255589717,-0.80427433507033,-1.17878958594427,-2.36708037658745,-1.8683712480772,-0.967244220655777,-0.989080865173555,0.114570083594345,2.13860026912724,0.310279377215866,0.0303401838633912,0.399197597693124,0.415897073630969,-1.31034864937903,-0.132450531032881,1.07053519574816,0.561046,1.210695,0.341314,-4.94454909025226,-6.48396402416937,-13.5253889876704,-0.287084948008558
"60",-0.0823608792456019,-0.0792448285160374,-0.798187781428091,0.132518753350106,-0.143112118149452,0.0938876599258796,-0.80427433507033,-0.423292624043625,-0.515802155502972,-0.145565401799563,-0.498758835631966,-1.37029316644073,-0.724303010867268,2.13860026912724,0.930838131647599,0.980999278249635,-0.231465645249204,0.336901623580758,-1.63577209202534,-0.705376083872783,0.0302582265457707,0.378265,1.264681,0.344409,-2.45005879116168,-2.26685897847656,-5.35878872341965,-0.323874787669334
"61",0.485014066668551,0.92634471954958,1.0667843047023,1.51660351056234,1.650559762657,0.879398029358092,1.63449300353003,0.83586897912412,0.723059426446159,-1.65781230663276,0.853561284264835,-1.07748878144131,-0.133277269135476,2.13860026912724,-0.310279377215867,1.93165837263588,-0.0512761472656814,0.425660222619264,1.61846233443777,2.73217723316663,0.326856459576367,0.086169,0.528254,0.207324,3.85684753716375,1.34214014556787,7.70310872965346,6.346402638378
"62",0.768701539625626,0.92634471954958,1.2999058154686,0.725697935012492,1.24698358947555,0.786985044719008,2.1222464712501,0.83586897912412,-0.605735212692054,-0.169424680096728,-0.494859734431055,0.366195145536125,-0.622370758693712,-0.462400058189674,0.310279377215866,1.93165837263588,0.84967134265193,1.32509410817049,1.61846233443777,1.58632612748683,-0.0624138638708166,0.672335,0.391247,0.157074,2.46335540755159,3.97105959125157,7.18653885384765,7.62149166259876
"63",0.768701539625626,-0.0792448285160374,1.0667843047023,-0.46066042831228,0.260464055032,-0.460590247908623,-0.316520867350259,0.0803720172234728,0.594265010573086,0.67676342301872,0.786970233513593,0.0450099561352729,-0.848274460158129,-0.462400058189674,-1.55139688607933,0.0303401838633912,-0.0512761472656814,-0.94628173948899,1.29303889179146,0.15401224538707,0.144178386641185,0.0238,0.849808,0.311368,1.20125816405774,-0.134652745024583,2.11403970757875,-1.07156345179208
"65",0.201326593711475,0.172152558500366,1.0667843047023,0.923424328899954,0.753723822253774,0.648365567760382,-0.560397601210295,-0.423292624043625,-0.069050931789329,-2.22936388653417,-0.0461841320300672,-1.1529743796654,-0.943937961831429,-0.462400058189674,-1.55139688607933,-0.920318910522853,-1.49279213113386,0.825408616197587,-0.334078321440095,0.15401224538707,-0.916580289472679,0.858965,0.576571,0.325239,0.480194948509777,-2.84715898000955,-1.65942434127606,-3.31916538759148
"66",0.485014066668551,-0.582039602548847,0.833662793936004,0.923424328899954,0.529514837152968,0.0938876599258796,0.90286280194992,1.08770129975767,-0.229217400088895,0.54066656558377,-0.211553991927965,0.280631904220156,-0.414135108587178,2.13860026912724,0.310279377215866,0.0303401838633912,1.450303002597,0.384945934197274,0.316768563852527,-1.27830163671269,0.698868672821166,0.764007,0.699098,0.309294,1.85691331161203,2.06554599810495,4.24042015494199,1.21433542501338
"67",-0.649735825159753,-0.833436989565251,-0.798187781428091,-1.84474518552451,-0.905422667492194,-0.414383755589081,-0.560397601210295,-0.423292624043625,-2.07556815853925,0.5265130779677,0.260071875841269,0.344245075873227,0.124133059846953,-0.462400058189674,-0.9308381316476,0.980999278249635,-0.231465645249204,0.0673491625216186,0.316768563852527,0.726937798226973,1.63642397726094,0.462863,2.104554,0.446055,-4.23703508491285,-2.36782162245913,-7.25020749902291,0.929751025953949
"70",-1.2171107710739,0.172152558500366,-0.798187781428091,-1.05383960997466,-0.681213682391388,-0.830242186464957,-0.560397601210295,0.83586897912412,0.460733490019632,-2.22549718722502,-0.174379592717497,0.00366321476133043,0.598022776636393,-0.462400058189674,1.55139688607933,0.980999278249635,-0.651907807210756,-0.716121126538817,-0.0086548787937846,0.440475021807022,0.661950071585897,0.760596,0.777651,0.476443,-0.950915493186809,-3.66391862514828,-5.47042739344398,1.59618737359263
"72",1.0523890125827,0.172152558500366,0.600541283169704,0.725697935012492,0.977932807354581,1.6649083987903,1.14673953580996,-0.675124944677174,0.712089798737752,0.623690754826699,1.33371696771261,-0.8292015387317,0.844370264935286,-0.462400058189674,2.17195564051106,0.0303401838633912,0.399197597693124,0.643568344145776,0.967615449145148,1.29986335106688,0.507409640916024,0.639198,0.597026,0.260915,4.19917381353857,1.83907924541781,8.34990283402358,5.51254056642538
"73",0.485014066668551,-0.833436989565251,0.134298261637106,-0.0652076405373556,-0.457004697290581,0.509746090801756,-1.2920278027904,-0.423292624043625,-0.98034057738125,-1.63943504833496,-2.41570129443658,1.56833423635263,-0.501865682355305,2.13860026912724,0.310279377215866,0.0303401838633912,0.399197597693124,1.05651315623505,0.967615449145148,-0.132450531032881,0.144103985166613,0.551166,1.298692,0.731851,-0.776440464672766,-2.26177324487534,-5.91091970127527,2.6314952331197
"74",-2.63554813585929,-0.330642215532442,-1.03130929219439,-1.05383960997466,-1.39868243471397,-0.64541621718679,0.90286280194992,0.83586897912412,-0.598169877844595,-1.83020202102723,-1.56540429935119,1.43440499475039,1.61104344101686,-0.462400058189674,-0.310279377215867,0.0303401838633912,-1.49279213113386,0.172869560397065,-0.984925206732717,-0.705376083872783,-1.18604706029196,0.947468,1.507323,0.70135,-2.46353110294408,-0.877416049834027,-6.30503388684326,-3.29016305469477
"75",-2.06817318994513,0.674947332533176,-1.49755231372699,0.52797154112503,-0.681213682391388,-0.0447318170327461,-0.560397601210295,-0.171460303410076,NA,0.330770419802727,-0.559745203469058,0.210395111419848,-0.158989623577245,-0.462400058189674,2.17195564051106,-0.920318910522853,1.02986084063545,0.728247548313966,-0.659501764086406,0.15401224538707,-1.02579745549735,0.275047,0.784126,0.681897,-3.94090724769219,1.18368680367049,-3.99817932988215,2.50425560023829
"76",-1.2171107710739,0.92634471954958,-0.098823249129193,1.31887711667488,0.664040228213452,0.371126613843131,-0.0726441334902233,0.0803720172234728,-0.168551610539225,-2.47229098071241,-0.126057859337432,1.75216095207387,NA,-0.462400058189674,-0.9308381316476,0.0303401838633912,-1.49279213113386,0.966986172256574,1.29303889179146,0.440475021807022,2.18827520681022,0.6044,0.791419,0.359145,-1.03298699967572,1.45244767409569,0.957443043295987,0.307210006936987
"80",0.768701539625626,-1.08483437658166,0.134298261637106,-0.658386822199741,-0.277637509209936,0.740778552399466,2.36612320511013,-0.423292624043625,0.615652785983673,0.76928560436356,1.31492633168122,0.559946526423707,0.240133470114235,-0.462400058189674,-0.310279377215867,0.0303401838633912,-0.389131455984786,-0.456711231498741,0.967615449145148,1.29986335106688,0.876131353805406,0.337909,0.899559,0.269663,2.07627198571648,1.952134137116,5.06569494530377,1.14169691937602
"81",1.0523890125827,0.674947332533176,1.2999058154686,0.923424328899954,1.56087616861668,0.786985044719008,2.60999993897017,0.332204337857022,2.04606781069355,-0.748225178659813,1.65333170349883,2.09201738114929,2.86223703275929,-0.462400058189674,-0.310279377215867,0.980999278249635,-0.231465645249204,0.925345714592165,1.61846233443777,1.01340057464692,-0.0945248665811529,0.040963,0.370992,0.216432,8.37978905408018,5.55216380289278,17.1461607290885,3.99646287946142
"84",-2.91923560881636,0.423549945516771,-2.19691684602589,-1.25156600386213,-1.35384063769381,0.648365567760382,-0.80427433507033,-0.926957265310723,-0.255109620045573,-2.20623526993042,-0.462538665882371,0.222638432683586,-0.136417208987047,-0.462400058189674,0.930838131647599,2.88231746702212,-0.651907807210756,0.499982020890967,-1.31034864937903,0.15401224538707,0.798958594527516,0.761653,0.77361,0.778577,-5.78627098142521,-3.61588723066252,-11.2185375156639,2.50489340835798
"85",-0.0823608792456019,0.92634471954958,0.134298261637106,0.725697935012492,-0.277637509209936,-0.64541621718679,-1.04815106893037,-0.926957265310723,-0.9704799960428,-1.43242179882533,-0.986468445641318,0.691197475449929,0.517440856604345,-0.462400058189674,-1.55139688607933,0.0303401838633912,-0.231465645249204,0.646573808544124,-0.334078321440095,-1.27830163671269,-1.22360253623907,0.954802,0.718326,0.362643,-1.97347523954446,-0.137332737743692,-3.37491393213941,-2.7183284970738
"87",-1.78448571698806,-0.330642215532442,-0.098823249129193,-0.262934034424818,-0.591530088351065,-0.599209724867249,0.171232600369812,-1.17878958594427,0.115358652301395,0.27429545352813,0.387135422480306,0.457995379213446,-0.843231197847847,-0.462400058189674,0.310279377215866,0.0303401838633912,-0.651907807210756,-0.224651646790105,-0.334078321440095,-0.991838860292734,-2.32970716846022,0.709753,1.843363,0.465231,-4.38918082247522,0.309947183154128,-4.28362830519185,-1.86185707465443
"88",0.768701539625626,0.674947332533176,0.600541283169704,1.31887711667488,1.78508515371748,1.1104304909558,0.171232600369812,1.08770129975767,1.22396346034406,0.964710624992895,1.20928147568708,1.65486697384716,0.824901386691156,-0.462400058189674,-0.9308381316476,0.980999278249635,-0.952223637183292,0.72180180727531,1.29303889179146,0.440475021807022,-0.271778062397816,0.099719,0.4345,0.367631,5.61623946054401,4.78463464841792,13.3952407383665,1.55325323029253
"89",0.768701539625626,-1.08483437658166,0.833662793936004,0.923424328899954,0.529514837152968,1.29525646023397,-0.560397601210295,0.584036658490571,1.07462418825933,0.920157380989394,0.593116884020618,-0.38399336065227,-1.11365440912288,-0.462400058189674,-0.9308381316476,0.980999278249635,-0.231465645249204,1.00279696584797,0.316768563852527,0.726937798226973,0.811404359721229,0.617693,0.991375,0.259537,3.44262723142262,-0.185643628554872,4.37961532404133,1.8651988292803
"90",-0.649735825159753,-0.330642215532442,0.134298261637106,0.725697935012492,0.260464055032,0.786985044719008,0.171232600369812,0.584036658490571,0.373361722237515,0.528028697360395,0.820182683768394,0.843608623331573,1.08281991224425,2.13860026912724,-1.55139688607933,0.980999278249635,0.399197597693124,0.44487839897333,0.642192006498837,-0.705376083872783,0.62184470482953,0.163439,0.790479,0.33496,2.3117657741687,1.93792564054183,5.33033815351092,0.210494311462811
"91",-2.35186066290221,0.674947332533176,0.134298261637106,-0.0652076405373556,-0.41216290027042,-0.506796740228165,0.171232600369812,-0.926957265310723,-1.19580945087493,0.229837402958715,0.0554328397651208,0.0662837742008231,-1.12325268263905,-0.462400058189674,0.310279377215866,-0.920318910522853,-0.651907807210756,-0.033446697537522,-0.984925206732717,-1.56476441313264,-0.944040397588771,0.949369,0.630557,0.461762,-5.97037854031797,1.07709346952517,-5.2500151312981,-3.84508365792062
"92",0.485014066668551,-1.33623176359806,0.367419772403405,0.330245147237568,-0.457004697290581,0.925604521677633,-0.560397601210295,-1.68245422721137,1.13129990072251,0.655292463367904,-2.0617397346917,-1.25687946818924,-0.574512249952455,-0.462400058189674,-0.310279377215867,0.980999278249635,1.75061883256954,0.361712446603718,1.29303889179146,-0.132450531032881,-0.190336956498441,0.95737,0.771241,0.379337,0.652371784308277,-2.16797122239212,-4.03434387006613,3.94363954096561
"93",1.0523890125827,0.423549945516771,1.2999058154686,0.132518753350106,0.977932807354581,1.20284347559488,0.415109334229848,2.09503058229186,1.0192958471761,1.11436653475657,1.33739113884728,0.225102327123884,-0.0424444601864513,2.13860026912724,-0.9308381316476,-0.920318910522853,0.399197597693124,-0.364583850454101,1.61846233443777,0.440475021807022,0.0576873705510285,0.422589,0.534087,0.261255,6.62702027292771,2.31064689497718,11.2529911141067,0.242394061313362
"97",-0.0823608792456019,0.172152558500366,-0.331944759895492,-0.658386822199741,-0.72605547941155,-1.47713307893854,-1.53590453665044,-1.17878958594427,0.239158805827192,0.263007596796651,0.442966825865381,-0.849514794600394,-0.84481282505905,NA,2.17195564051106,-1.8709780049091,-1.1774605096627,0.61311620008129,-1.96119553467165,0.440475021807022,-1.43886431029003,0.949173,0.747576,0.359251,-3.67588232325577,-2.60864599815356,-6.56761697495549,-1.78408718684407
"98",0.768701539625626,1.42913949358239,1.0667843047023,1.51660351056234,0.843407416294098,-0.506796740228165,1.39061626966999,0.332204337857022,-1.26291178102355,0.625476778138935,-1.57155341294286,0.422796702016107,-0.0154919682097122,-0.462400058189674,1.55139688607933,0.0303401838633912,1.02986084063545,-0.608688745764645,0.316768563852527,0.440475021807022,1.03566998390856,0.209028,0.680547,0.288473,0.382489692723519,5.38463275396976,5.03897645004452,2.76015275047308
"99",0.485014066668551,-0.582039602548847,1.0667843047023,-0.262934034424818,0.394989446092484,1.01801750631672,1.87836973739006,0.83586897912412,-0.891536304578711,0.355025592511916,-0.508718938690474,1.10322081377699,-0.114510761831942,-0.462400058189674,0.930838131647599,0.980999278249635,-0.0512761472656814,-2.11274207660308,1.29303889179146,-0.132450531032881,-0.416722877294293,0.617816,0.969845,0.216663,2.39963779040104,2.4916425067053,4.77755080450835,0.908407546787052
"102",0.485014066668551,0.92634471954958,0.134298261637106,-0.262934034424818,0.484673040132807,1.38766944487305,-0.80427433507033,0.332204337857022,-0.322508294436002,-0.453369429496127,-0.96133593961237,-0.293628035723156,-1.56119412745227,-0.462400058189674,-0.310279377215867,0.0303401838633912,NA,-1.14585064963551,-0.984925206732717,-0.418913307452832,-0.481710259269612,0.698119,0.552422,0.323141,0.45548368914746,-0.887861115164851,-0.909040325496955,-2.82962835717354
"103",-0.366048352202677,-0.0792448285160374,-0.331944759895492,-0.0652076405373556,0.394989446092484,0.971811013997175,-0.0726441334902233,0.83586897912412,0.370496174031579,0.776784637742482,0.454710088554219,-0.965582079055851,-1.23910184330884,-0.462400058189674,0.930838131647599,0.0303401838633912,-0.0512761472656814,0.00703322450755591,-0.334078321440095,-0.418913307452832,0.402322692837614,0.545569,0.778972,0.360716,0.24108121174586,-0.405894043856986,0.684886702535578,0.163943763859938
"104",-1.78448571698806,0.674947332533176,-0.331944759895492,-1.05383960997466,-0.950264464512356,-1.7543720328558,-1.2920278027904,-0.675124944677174,-1.89028701742616,-1.3192880576497,-2.13315417379526,-0.987306352750715,-0.884309045949883,-0.462400058189674,-1.55139688607933,-0.920318910522853,-0.231465645249204,-2.32760683815143,-1.96119553467165,-1.56476441313264,-0.602065591813167,0.597912,1.80816,0.598693,-7.32052351779256,-3.9775144906323,-14.3814566467325,-8.5567482278071
"108",-0.93342329811683,-0.833436989565251,-1.26443080296069,-0.856113216087203,-0.905422667492194,0.371126613843131,-0.0726441334902233,-0.423292624043625,0.243063511777059,0.486324079138342,-0.325489858484598,0.666712269830611,-0.938637143014859,-0.462400058189674,-0.9308381316476,0.0303401838633912,0.399197597693124,1.20895099382003,0.316768563852527,-0.991838860292734,0.637002580214478,0.519088,1.319863,0.71835,-2.94559374251581,-0.609157990173724,-4.78566425866633,0.0325803472887368
"109",1.0523890125827,1.17774210656598,-0.098823249129193,0.330245147237568,0.529514837152968,-1.15368763270175,0.658986068089884,-0.423292624043625,-0.221461095306425,0.770478946835053,0.277034907039414,-0.0801687554462011,NA,-0.462400058189674,-0.310279377215867,0.0303401838633912,1.02986084063545,0.358202681202922,-0.0086548787937846,0.15401224538707,0.637024799080462,0.471794,0.90976,0.282475,-0.844875588598291,2.85728351328229,2.81895766887638,1.25348169507918
"111",0.768701539625626,0.92634471954958,0.367419772403405,1.51660351056234,-0.41216290027042,0.833191537038549,1.39061626966999,1.59136594102477,0.58043902398222,0.603401577975871,1.29219246659104,-1.16842545002306,-0.380332492668606,-0.462400058189674,0.930838131647599,0.0303401838633912,0.399197597693124,-0.339524907750738,0.642192006498837,-1.27830163671269,0.118099002761288,0.986667,0.629603,0.303534,3.76078532140596,3.26854062773472,7.9093555154613,0.384741375239528
"113",1.0523890125827,-2.34182131166368,-0.331944759895492,-1.44929239774959,-0.636371885371226,1.20284347559488,-1.04815106893037,-0.675124944677174,1.0994868581241,0.777958140549609,1.2400078480628,NA,0.261942655866258,-0.462400058189674,0.310279377215866,0.0303401838633912,2.15103993919959,0.192906007085101,1.29303889179146,-0.991838860292734,0.333791912828388,0.199744,1.070881,0.539344,2.60959229759528,-4.06130663779402,-0.848078377507165,2.98576553886267
"117",0.768701539625626,NA,0.367419772403405,-2.63565076107436,-0.995106261532517,0.232507136884505,-0.0726441334902233,2.34686290292541,0.437884303790526,0.792695241599775,0.999689211078408,-1.15947090155399,-0.445552869854145,2.13860026912724,-1.55139688607933,-1.8709780049091,1.02986084063545,-1.16281365712617,-0.334078321440095,1.29986335106688,-0.692549963454649,0.276037,1.902309,0.300372,3.70782278577533,-3.0750705545188,0.637335180802423,-2.58954267785237
"118",0.201326593711475,0.423549945516771,0.367419772403405,0.52797154112503,0.036255069931193,1.15663698327534,-0.560397601210295,1.59136594102477,1.52722514606981,0.674439026368281,0.86636646693939,-0.292119152200165,-1.01687039809446,-0.462400058189674,1.55139688607933,-1.8709780049091,-0.231465645249204,0.17020100798721,-0.984925206732717,-0.132450531032881,-0.575321156017044,0.629422,1.213256,0.338442,3.82710403839034,0.773443759599623,5.50316933486055,-1.49822149385736
"119",-0.0823608792456019,-0.330642215532442,0.600541283169704,0.330245147237568,0.125938663971516,-0.13714480167183,-0.560397601210295,-1.17878958594427,0.29963168728917,0.4511945253373,0.498782026441715,-0.059350056656512,-0.788236634620205,-0.462400058189674,-0.9308381316476,0.0303401838633912,0.399197597693124,0.381785398933835,-1.31034864937903,-1.56476441313264,-1.29279098676783,0.655381,0.850812,0.416346,-1.28635893102303,-0.16895020082438,-0.830588441434183,-2.99462801366891
"122",0.485014066668551,0.172152558500366,-0.331944759895492,-0.262934034424818,0.215622258011839,1.34146295255351,-0.316520867350259,1.59136594102477,0.0226590587070763,0.309964414736703,-0.181981751796819,0.26268408116341,-0.103505423867735,-0.462400058189674,0.310279377215866,0.980999278249635,0.749566065994417,0.693641765624235,0.642192006498837,1.01340057464692,1.88695599560697,0.261621,0.587934,0.321907,3.00505183519068,0.165346152625403,3.2040384940311,4.39007906822992
"128",-1.2171107710739,-0.833436989565251,-3.12940288909108,-1.84474518552451,-1.93678399895591,-1.01506815574313,-0.80427433507033,0.0803720172234728,-0.701520839925268,-0.158735236783783,-0.104812701678744,2.02243391396298,1.7225009124437,-0.462400058189674,-0.310279377215867,-0.920318910522853,-1.1774605096627,-0.0254843929905537,-1.31034864937903,-0.991838860292734,-1.85868626120743,0.999241,1.005366,0.771547,-4.26022972616621,-1.6187578329809,-7.92058425978176,-4.73573070006373
"130",0.768701539625626,0.423549945516771,1.0667843047023,0.52797154112503,1.11245819841507,1.29525646023397,0.658986068089884,0.332204337857022,1.25626757606931,0.801730884060904,-2.61213751478255,3.05669715392268,1.40791670936891,-0.462400058189674,-0.9308381316476,0.0303401838633912,-0.651907807210756,0.610680005357288,-0.0086548787937846,1.01340057464692,1.26238044747897,0.61025,0.547782,0.263046,6.12713092785714,5.46893559271527,10.0963872042049,0.0630199462154633
"131",0.201326593711475,0.92634471954958,-0.098823249129193,0.52797154112503,0.664040228213452,1.48008242951213,-0.0726441334902233,-0.926957265310723,1.20358655153732,0.966939467139123,1.32708430723915,-0.0555198675243226,0.25240396062267,-0.462400058189674,-0.9308381316476,0.0303401838633912,-0.0512761472656814,0.28821866664449,-0.334078321440095,0.15401224538707,1.52118912139599,0.400533,0.692939,0.360135,2.11161902094368,2.29309172679919,6.39583528319547,-0.843621504458425
"132",-0.366048352202677,-1.83902653763087,-0.098823249129193,-0.856113216087203,-0.77089727643171,-1.38472009429946,-1.04815106893037,0.584036658490571,-2.10313945937956,-0.111848307780416,-0.801022276256121,-0.200205772215164,-0.764492003126829,-0.462400058189674,-0.310279377215867,1.93165837263588,-0.651907807210756,0.995225709097291,-0.0086548787937846,-0.705376083872783,-1.09868328086662,0.438422,0.989593,0.351993,-4.13318649964715,-4.05534490264402,-9.760450954979,1.25066593463998
"133",-1.78448571698806,-1.33623176359806,-1.73067382449329,-1.84474518552451,-1.66773321683494,-0.229557786310913,-0.0726441334902233,0.0803720172234728,-0.92231973629089,-0.291440170845886,-0.282623038069143,-1.22045437488538,-0.629312892318381,-0.462400058189674,-0.9308381316476,-1.8709780049091,-0.952223637183292,0.275834422501341,-1.63577209202534,-0.705376083872783,-1.66524926008716,0.72534,1.161109,0.437765,-5.21597793917806,-4.76551562834407,-11.9318498224262,-5.81935352713677
"134",0.485014066668551,0.423549945516771,1.0667843047023,1.51660351056234,1.650559762657,-0.0909383093522877,-1.53590453665044,1.84319826165832,0.291935670356117,0.530233622929564,0.210417837456983,0.57609244433459,1.89707280163305,-0.462400058189674,0.930838131647599,-0.920318910522853,0.399197597693124,0.641433503243928,-0.984925206732717,1.01340057464692,-0.427615085807877,0.599822,0.476521,0.265682,5.49306679566605,1.51057498669283,8.86461938247287,1.07962568997601
"136",0.768701539625626,0.674947332533176,0.134298261637106,0.725697935012492,0.843407416294098,0.371126613843131,0.90286280194992,0.332204337857022,0.880621502117887,0.854289003025828,0.935083273889915,-0.887628515245644,-1.23358651543759,-0.462400058189674,0.310279377215866,0.980999278249635,NA,0.192689945675277,0.316768563852527,0.440475021807022,1.12969000926972,0.282902,0.667726,0.411728,1.25336573964319,2.27016855727577,5.30202498710297,2.24121218680033
"137",0.768701539625626,-0.330642215532442,-0.798187781428091,0.725697935012492,-0.636371885371226,-1.47713307893854,-1.2920278027904,-0.675124944677174,0.534161088801945,-1.19923209454943,-0.960035116096788,-0.80982000261378,-0.621417833928709,NA,0.930838131647599,0.0303401838633912,-1.49279213113386,0.51979275529887,-0.984925206732717,-0.705376083872783,-0.627331978830257,0.993911,0.650581,0.371555,-2.26900101054495,-2.90602418047356,-6.77143219248652,-1.7021223509295
"148",0.768701539625626,0.674947332533176,1.2999058154686,0.132518753350106,0.305305852052162,0.833191537038549,-0.0726441334902233,-0.171460303410076,0.693188094002604,0.708457796194832,0.806800919473998,1.01766061413252,-0.993567189108861,-0.462400058189674,-0.310279377215867,0.0303401838633912,-0.651907807210756,-1.19039578312725,0.316768563852527,2.15925168032673,-0.323976116639768,0.139294,0.757731,0.219357,2.42995949361644,2.46094036272041,6.00300662786301,0.353777460488779
"150",0.768701539625626,0.674947332533176,1.0667843047023,0.330245147237568,1.0676164013949,1.20284347559488,0.658986068089884,0.332204337857022,-0.0853619517393456,1.0862468367906,0.21183043727177,0.0705880996756141,1.27015111651181,-0.462400058189674,-0.9308381316476,0.980999278249635,0.399197597693124,1.07952185148989,1.29303889179146,1.87278890390678,-0.0622764242675415,0.531406,0.675974,0.257045,4.5553228225523,2.82101348432684,8.65578314554581,4.69470839148329
"151",0.485014066668551,-0.330642215532442,0.833662793936004,0.132518753350106,0.394989446092484,-0.13714480167183,-1.53590453665044,0.584036658490571,-0.144996621258237,0.180066626872234,0.0348443852316244,0.105632960027931,-0.113867288380127,-0.462400058189674,1.55139688607933,0.0303401838633912,-0.0512761472656814,0.573067442751271,0.642192006498837,1.87278890390678,0.185852544927355,0.371491,1.081404,0.258526,1.50670480778493,-1.44832841193261,0.488210227176431,4.61850927583393
"152",1.0523890125827,-0.582039602548847,1.2999058154686,0.52797154112503,0.798565619273937,-0.968861663423583,0.171232600369812,0.83586897912412,1.63444867975911,0.94620185397888,1.24963209736093,3.437862738643,0.142267461628786,-0.462400058189674,0.310279377215866,0.0303401838633912,1.02986084063545,0.460222985010083,0.316768563852527,2.15925168032673,-1.39890108499058,0.666946,0.780268,0.236052,3.99601828513973,4.50122913156788,10.5454451333425,4.30672363090405
"153",-0.366048352202677,-1.33623176359806,0.134298261637106,-0.46066042831228,-0.815739073451872,0.786985044719008,0.171232600369812,-0.675124944677174,0.144833162859273,-0.72886954884948,0.435493824995874,-0.377143736925978,2.30157584790197,2.13860026912724,-1.55139688607933,0.0303401838633912,1.75061883256954,0.0673491625216186,0.642192006498837,-0.991838860292734,0.50524437745715,0.983396,0.733887,0.422362,2.3265190202375,-2.73167287731599,-0.785399105534479,-0.0527355609186796
"154",1.0523890125827,0.674947332533176,0.134298261637106,1.12115072278742,1.0676164013949,-1.430926586619,-0.80427433507033,-0.926957265310723,-0.0440414716208665,0.569205110512476,0.230060895522261,0.6841583597221,-0.165371471025041,-0.462400058189674,0.310279377215866,0.980999278249635,0.84967134265193,0.0811402255221564,0.642192006498837,0.15401224538707,0.0429700072224703,0.381411,0.446386,0.32275,-1.38060952035582,2.24518719048484,2.16225496704618,3.0182944755255
"155",0.768701539625626,1.68053688059879,1.0667843047023,0.52797154112503,1.56087616861668,1.20284347559488,0.658986068089884,1.08770129975767,0.976310971612407,0.40430960368974,1.00160774458495,0.612299146926167,NA,-0.462400058189674,0.310279377215866,1.93165837263588,0.399197597693124,0.778433118485756,0.642192006498837,NA,0.963525225574188,0.507741,0.552834,0.285371,5.10234159129289,3.88410324042961,11.5489287449241,4.06176047252946
"156",0.768701539625626,0.92634471954958,1.0667843047023,0.923424328899954,1.96445234179813,1.75732138342939,1.14673953580996,0.83586897912412,1.73615113383738,1.12227476097066,2.18348665418936,-0.515373533717638,0.165089732242341,-0.462400058189674,1.55139688607933,0.0303401838633912,-0.231465645249204,0.3006742267282,1.94388577708408,-0.991838860292734,1.44356107706178,0.40105,0.564835,0.194638,6.32991707296116,3.60340981151251,14.0812658804612,2.60299256821307
"157",-0.366048352202677,0.172152558500366,-0.098823249129193,-0.658386822199741,-0.860580870472033,-0.784035694145416,-1.04815106893037,-0.423292624043625,-0.596836718603812,-0.555003431171736,-0.47842170234126,0.0749090676940901,-0.478789606590343,-0.462400058189674,0.310279377215866,0.0303401838633912,1.02986084063545,-0.145033207686628,-0.0086548787937846,-0.705376083872783,0.361911584028677,0.407477,1.206647,0.814286,-2.74782624471507,-2.01447969610739,-6.10130851363575,0.511416231361514
"158",1.0523890125827,0.674947332533176,1.2999058154686,1.31887711667488,2.18866132689894,1.01801750631672,1.14673953580996,0.584036658490571,0.870797863232107,0.201449750747434,0.893402350339342,-0.439509303618385,2.28103613694562,-0.462400058189674,-0.9308381316476,0.980999278249635,1.450303002597,0.877459188278097,-0.0086548787937846,-0.132450531032881,0.5087478368173,0.556879,0.359426,0.173286,7.10618299303632,2.90250443214706,13.0907511024217,2.23681792765047
"159",1.0523890125827,1.68053688059879,0.134298261637106,1.51660351056234,1.20214179245539,1.71111489110984,1.14673953580996,0.584036658490571,1.72827061702815,1.23817755641819,0.789130413246934,0.399853545767036,-0.394181484545739,-0.462400058189674,0.930838131647599,0.980999278249635,1.450303002597,0.947309912041524,0.967615449145148,1.87278890390678,0.7237118522116,0.537598,0.5473,0.277192,4.81592795630263,5.98191102915632,12.7891111911613,7.14985467758769
"160",-2.35186066290221,NA,NA,-2.63565076107436,-2.69909454829865,-1.38472009429946,-1.2920278027904,-0.171460303410076,0.360791266838163,0.351650746452702,0.83499565840014,-1.02734986480184,-0.357511596697989,-0.462400058189674,-0.9308381316476,-1.8709780049091,-0.651907807210756,NA,-0.984925206732717,-1.27830163671269,0.211005108545226,0.862444,1.653999,NA,-3.90476139047157,-4.6033776822139,-10.372237962584,-5.71695078721286
"161",0.768701539625626,-1.08483437658166,1.2999058154686,0.330245147237568,0.439831243112645,0.833191537038549,-0.560397601210295,0.332204337857022,0.325426032896233,0.937969511873974,0.827330963152214,-0.836042622722357,-0.378496267488603,-0.462400058189674,0.310279377215866,-0.920318910522853,1.02986084063545,0.0475198503154436,-0.334078321440095,0.15401224538707,-0.33120115615403,0.337341,0.957547,0.262684,3.18093299539743,-1.21305994140277,3.23503526025952,0.287275081590884
"162",-0.0823608792456019,0.92634471954958,0.134298261637106,-0.46066042831228,0.439831243112645,-1.66195904821671,0.171232600369812,-1.17878958594427,0.119832310184084,1.10493714470416,1.6452078281559,0.15566369991834,-1.06773339960314,-0.462400058189674,1.55139688607933,0.0303401838633912,-0.231465645249204,0.641433503243928,-0.0086548787937846,-1.27830163671269,1.49596044979667,0.65016,0.648296,0.336668,-3.73671234118854,1.89751773622962,0.245844466309623,0.704748412430977
"163",0.485014066668551,-0.330642215532442,0.600541283169704,-0.0652076405373556,0.350147649072323,0.925604521677633,0.658986068089884,0.0803720172234728,-0.410150095671224,-0.127899967032812,-0.382031574097276,-0.162920964119443,-1.06854753460991,-0.462400058189674,0.930838131647599,0.0303401838633912,-2.75411861701852,0.506561683224401,-0.0086548787937846,0.440475021807022,0.583465750920428,0.063991,0.771882,0.35889,0.61283425845823,-0.027684719132169,0.553265614301108,-0.854558475269886
"164",1.0523890125827,0.92634471954958,1.0667843047023,0.923424328899954,1.82992695073765,1.38766944487305,2.60999993897017,1.84319826165832,1.34655982060455,1.33530248832987,0.997610784525438,-0.548598730162899,1.95284853740821,-0.462400058189674,-0.310279377215867,0.0303401838633912,1.450303002597,0.812884167449344,1.61846233443777,0.726937798226973,0.161252761255208,0.399233,0.445494,0.17128,8.64944938182913,5.24647274558667,16.7234598626789,4.32864810935862
"165",0.485014066668551,0.92634471954958,-0.798187781428091,0.725697935012492,0.664040228213452,0.00147467528679552,1.63449300353003,0.332204337857022,0.556665744952261,0.199656011784531,0.231718616522624,-0.0420029481998064,2.05293311184178,-0.462400058189674,-0.9308381316476,0.980999278249635,-0.231465645249204,0.269836820674789,0.967615449145148,-0.705376083872783,2.35175762685067,0.346748,0.613276,0.396088,2.63010415517832,3.44418872167682,6.97005172159122,0.350771687299985
"166",-1.50079824403098,-0.833436989565251,-1.03130929219439,-0.0652076405373556,-1.03994805855268,-0.922655171104041,-0.316520867350259,-0.423292624043625,0.20802290408532,-0.916945556548095,-1.68214255541333,-0.208485516330165,0.526533974006943,2.13860026912724,-0.310279377215867,0.0303401838633912,-0.231465645249204,-0.406929920454646,-1.31034864937903,0.440475021807022,-0.191234824557433,0.612662,0.627329,0.649652,-3.14349845328077,-2.34059657033113,-8.20618563757791,-1.78820838662833
"168",0.485014066668551,0.92634471954958,0.833662793936004,0.725697935012492,0.619198431193291,0.0938876599258796,0.415109334229848,2.09503058229186,0.199298954516573,0.28541762238034,0.5415476140965,0.612299103168503,-0.671965205347524,-0.462400058189674,-0.310279377215867,0.0303401838633912,-0.389131455984786,1.07776776394217,1.61846233443777,0.726937798226973,0.57632092494126,0.769748,0.566308,0.324737,3.03492885199135,2.96486871434076,7.1605436116219,2.75409724726965
"169",0.201326593711475,-2.84461608569649,-0.098823249129193,-0.856113216087203,-0.681213682391388,-0.460590247908623,-0.0726441334902233,-1.93428654784492,1.01729337151272,0.972171122925069,0.0118665267409357,-0.445887080229531,0.86651834697857,-0.462400058189674,-0.9308381316476,0.0303401838633912,1.02986084063545,-0.0349813248395297,0.967615449145148,-0.991838860292734,-2.20096808795496,0.001719,1.46078,0.332038,-0.408561732679973,-3.24708939257838,-4.3249982809088,0.070158156864128
"170",0.201326593711475,-0.0792448285160374,-0.798187781428091,0.330245147237568,-0.367321103250259,0.879398029358092,-0.560397601210295,-0.675124944677174,0.499600231136124,1.09103629822159,-0.625664113481237,-0.669026537199586,1.34249753502999,2.13860026912724,-0.310279377215867,0.0303401838633912,-1.1774605096627,-0.171824991544814,-1.96119553467165,-0.991838860292734,0.461886952748822,0.006358,1.235654,0.479383,1.44950966313041,0.112612478533241,0.569136924932157,-4.58225908952437
"171",0.485014066668551,-0.0792448285160374,0.367419772403405,-1.64701879163705,-0.72605547941155,-1.80057852517534,0.658986068089884,1.08770129975767,-0.593275755002989,-0.252855744207402,-0.124493830189797,-0.754110913903681,-0.845023320758011,-0.462400058189674,1.55139688607933,-0.920318910522853,-0.651907807210756,-0.440716180764055,-0.984925206732717,-0.705376083872783,0.0344112761369823,0.300299,1.176199,0.340628,-1.29874246210671,-2.07424421017429,-4.22353598188235,-2.15184730302383
"172",-0.649735825159753,-3.09601347271289,NA,-1.84474518552451,-2.43004376617768,-1.19989412502129,-0.0726441334902233,-0.423292624043625,-1.20260367206245,-0.147227006266169,-0.930270423342207,-0.452217498945339,-0.692026061866931,-0.462400058189674,-0.310279377215867,0.980999278249635,0.399197597693124,-2.05492849672943,-0.334078321440095,-0.705376083872783,-0.547220236702382,0.4624,NA,NA,-4.16755230815405,-5.61284729693914,-13.1407137946131,-2.02446540331541
"173",-0.649735825159753,0.172152558500366,-1.03130929219439,0.330245147237568,-0.546688291330904,-0.968861663423583,-1.2920278027904,0.83586897912412,-0.473326958916855,-0.354698766714541,-1.03708421155495,-0.091350757064327,0.716650700598977,-0.462400058189674,0.310279377215866,0.980999278249635,0.399197597693124,-0.141192085838901,-0.984925206732717,1.87278890390678,0.115466526655538,0.410544,0.911194,0.69894,-1.57071405997149,-1.23567962083134,-4.39016618368868,2.43714786449378
"174",-0.649735825159753,0.674947332533176,-0.098823249129193,0.725697935012492,0.125938663971516,0.278713629204047,-0.0726441334902233,1.08770129975767,1.06582259754066,0.0919394100756591,-1.11820180141658,-1.52632156369485,0.310983420960409,-0.462400058189674,-0.310279377215867,0.980999278249635,1.75061883256954,-0.0781043345942314,0.316768563852527,-0.418913307452832,-0.856597346209339,0.814676,0.781785,0.323095,1.99466187317384,-0.106381019563742,0.896017716165036,2.24108965540877
"175",0.768701539625626,0.674947332533176,0.833662793936004,0.330245147237568,0.439831243112645,-1.01506815574313,-0.316520867350259,-0.171460303410076,-1.25273618458392,-0.270587996984657,-1.365581948097,-1.25371819817167,-0.958726520641025,-0.462400058189674,0.930838131647599,0.0303401838633912,0.399197597693124,0.540412854696745,-1.31034864937903,-1.27830163671269,-0.804370313555275,0.144194,1.017268,0.261699,-1.79562683081652,-0.835634582735845,-3.55701211853672,-0.687861518190854
"176",0.485014066668551,1.68053688059879,0.134298261637106,1.12115072278742,0.350147649072323,0.0938876599258796,-0.316520867350259,0.83586897912412,-0.384166122391559,0.36097470661318,-0.290334429956708,0.405550925526945,0.63409304804098,-0.462400058189674,-0.310279377215867,0.0303401838633912,0.84967134265193,-1.16316968185205,-1.31034864937903,0.15401224538707,1.67074317019563,0.692351,0.676159,0.339408,1.79899589300508,3.25169236817608,5.11050148029677,-1.74977393654455
"177",1.0523890125827,1.42913949358239,1.0667843047023,0.923424328899954,0.664040228213452,0.971811013997175,0.658986068089884,0.83586897912412,0.280441655787564,1.03274284694718,0.946665368352218,0.582604774407658,-0.824393027761663,-0.462400058189674,1.55139688607933,0.0303401838633912,-0.952223637183292,0.872747241752914,0.804903727821993,0.15401224538707,0.125827495252875,0.538014,0.497974,0.280144,3.3829019384322,4.62689751192707,9.62050504692494,2.46117664772141
"178",0.768701539625626,-0.330642215532442,-0.565066270661792,0.923424328899954,0.215622258011839,0.509746090801756,0.658986068089884,0.0803720172234728,0.282412432374944,0.0984436520232317,0.431539401174755,2.85196605552524,0.099381885712343,-0.462400058189674,-0.9308381316476,0.0303401838633912,-1.1774605096627,-0.0415492822860383,-0.659501764086406,-0.418913307452832,-1.57293997463227,0.763102,0.661841,0.486593,1.17554769507635,4.20217788900587,6.02488724326881,-3.19792281127218
"179",0.201326593711475,-0.833436989565251,-2.43003835679219,-1.25156600386213,-1.39868243471397,-1.70816554053625,-1.2920278027904,-1.17878958594427,-0.648003860833596,0.132870049813888,-0.430520424957558,-1.24839952678197,-0.7522686973926,-0.462400058189674,-0.9308381316476,-1.8709780049091,-1.1774605096627,-3.06311619944344,-1.63577209202534,-0.132450531032881,0.24333561999209,0.999874,0.835144,0.508128,-6.51593944778743,-4.49256027318586,-12.8377025806448,-8.81061546872105
"180",0.201326593711475,-1.33623176359806,-0.331944759895492,-1.05383960997466,-0.72605547941155,-1.89299150981442,0.658986068089884,0.332204337857022,-0.54048929227833,-0.0660587101751496,0.267457994908518,-0.107899381069608,-0.0907055888360405,-0.462400058189674,-0.9308381316476,0.0303401838633912,-2.75411861701852,-1.08558370432317,-0.334078321440095,-0.705376083872783,-1.2621424733204,0.250771,1.555994,0.505151,-2.32260021925579,-1.9050433967276,-4.68624110048642,-5.77965467443878
"183",0.201326593711475,0.674947332533176,-0.098823249129193,0.132518753350106,0.529514837152968,0.0938876599258796,-0.560397601210295,-0.926957265310723,0.562438518125035,0.577177200821763,0.203496261981893,-0.813741597113026,0.730234147936622,-0.462400058189674,-0.9308381316476,-1.8709780049091,-2.75411861701852,0.632912326001312,-0.984925206732717,-0.132450531032881,-0.471371211054706,0.355733,0.794249,0.347661,0.562106405259095,0.0105040883817248,1.30562159277568,-6.0403981653395
